CharacteristicName,Sample Fraction Required,Common
"Alkalinity, total",No,Y
Aluminum,Yes,Y
Ammonia,No,Y
Ammonia-nitrogen,Yes,Y
Antimony,Yes,Y
Arsenic,Yes,Y
Barium,Yes,Y
Beryllium,Yes,Y
Cadmium,Yes,Y
Calcium,Yes,Y
Cesium,No,Y
Chloride,Yes,Y
Chlorophyll a,No,Y
Chlorophyll a (probe),No,Y
"Chlorophyll a, corrected for pheophytin",No,Y
Chromium,Yes,Y
Cobalt,No,Y
Conductivity,No,Y
Copper,Yes,Y
"Depth, Secchi disk depth",No,Y
Dissolved oxygen (DO),No,Y
Dissolved oxygen saturation,No,Y
Fluoride,Yes,Y
"Hardness, Ca, Mg",No,Y
"Hardness, carbonate",No,Y
"Hardness, non-carbonate",No,Y
Inorganic carbon,Yes,Y
Inorganic nitrogen (nitrate and nitrite),No,Y
Iron,Yes,Y
Kjeldahl nitrogen,No,Y
Lead,Yes,Y
Lithium,Yes,Y
Magnesium,Yes,Y
Manganese,Yes,Y
Mercury,Yes,Y
Methylmercury(1+),Yes,Y
Molybdenum,Yes,Y
Nickel,Yes,Y
Nitrate,No,Y
Nitrite,No,Y
Nitrogen,Yes,Y
Organic carbon,Yes,Y
Orthophosphate,No,Y
Oxidation reduction potential (ORP),No,Y
pH,No,Y
Phosphorus,No,Y
Potassium,No,Y
Rubidium,Yes,Y
Selenium,Yes,Y
Silver,Yes,Y
Sodium,Yes,Y
Soluble Reactive Phosphorus (SRP),No,Y
Strontium,No,Y
Sulfate,Yes,Y
"Temperature, water",No,Y
Thallium,Yes,Y
Titanium,Yes,Y
Total carbon,No,Y
Total dissolved solids,No,Y
Total suspended solids,No,Y
Turbidity,No,Y
Uranium,No,Y
Vanadium,No,Y
Zinc,No,Y
".alpha.-Amino-2,3-dihydro-5-methyl-3-oxo-4-isoxazolepropanoic acid",Yes,
.alpha.-Chlordene,Yes,
.alpha.-Endosulfan,Yes,
.alpha.-Hexachlorocyclohexane,Yes,
.alpha.-Methylstyrene,Yes,
.alpha.-Naphthylthiourea,Yes,
.alpha.-Nitrotoluene,Yes,
.Alpha.-Pinene,No,
.alpha.-Terpineol,Yes,
".alpha.,.alpha.-Dimethylphenethylamine",Yes,
.beta.-Chlordene,Yes,
.beta.-Endosulfan,Yes,
.beta.-Hexachlorocyclohexane,Yes,
.beta.-Sitosterol,No,
.delta.-Hexachlorocyclohexane,Yes,
.gamma.-Butyrolactone,Yes,
.gamma.-Chlordene,Yes,
.lambda.-Cyhalothrin,No,
(-)-cis-Permethrin,Yes,
(-)-trans-Permethrin,Yes,
(+)-cis-Permethrin,Yes,
"(1R,2S,5R)-Menthol",No,
(2-Methyl-1-propenyl)benzene,Yes,
(3-Bromopropyl)benzene,No,
"(E,E)-Farnesol",Yes,
(E)-6-Methyl-3-undecene,Yes,
"(Z,Z)-11,13-Hexadecadienal",Yes,
(Z)-Chloro-1-propene,No,
% undercut bank,No,
1-(2-Butoxyethoxy)ethanol,Yes,
1-Bromo-2-chloroethane,Yes,
"1-Bromo-3-chloro-5,5-dimethyl-2,4-imidazolidinedione",Yes,
1-Bromobutane,Yes,
"1-Butanesulfonic acid, 1,1,2,2,3,3,4,4,4-nonafluoro-",No,
1-Butanol,Yes,
1-Butene,No,
1-Butoxy-2-propanol,No,
"1-Chloro-2,2-dimethylpropane",No,
1-Chloroanthraquinone,Yes,
1-Chlorobutane,Yes,
1-Chlorocyclohexene,Yes,
1-Chlorohexane,Yes,
1-Chloronaphthalene,Yes,
1-Chloropropane,Yes,
"1-Decanesulfonic acid, 1,1,2,2,3,3,4,4,5,5,6,6,7,7,8,8,9,9,10,10,10-heneicosafluoro-",No,
1-Decanol,Yes,
1-Dodecanol,Yes,
1-Eicosanol,Yes,
1-Heptadecanol,Yes,
"1-Heptanesulfonic acid, 1,1,2,2,3,3,4,4,5,5,6,6,7,7,7-pentadecafluoro-",No,
1-Hexadecanol,Yes,
"1-Hexanesulfonic acid, 1,1,2,2,3,3,4,4,5,5,6,6,6-tridecafluoro-",No,
1-Hexanol,Yes,
1-Hydroxychlordene,Yes,
1-Methoxy-2-butanol,Yes,
1-Methylfluorene,Yes,
1-Methylindan,Yes,
1-Methylnaphthalene,Yes,
1-Methylphenanthrene,Yes,
1-Methylpyrene,Yes,
1-Naphthalenamine,Yes,
1-Naphthol,Yes,
1-Nitropyrene,Yes,
1-Octadecene,Yes,
1-Pentene,Yes,
1-Phenylnaphthalene,Yes,
1-Propanol,Yes,
1-Tailed Critical (H),No,
1-Tailed Critical (W),No,
1-Tetradecanol,Yes,
1-Tetradecene,Yes,
"1,1-Dichloroethane",Yes,
"1,1-Dichloroethylene",Yes,
"1,1-Dichloropropane",Yes,
"1,1-Dichloropropanone",Yes,
"1,1-Dichloropropene",Yes,
"1,1-Dimethoxyethane",Yes,
"1,1-Dimethyl-2-octylcyclobutane",Yes,
"1,1-Dimethylcyclopropane",Yes,
"1,1-Dimethylindan",Yes,
"1,1,1-Trichloro-2-propanone",Yes,
"1,1,1-Trichloroethane",Yes,
"1,1,1-trichloropentane",Yes,
"1,1,1-Trichloropropane",Yes,
"1,1,1,2-Tetrachloroethane",Yes,
"1,1,2-Trichloroethane",Yes,
"1,1,2,2-Tetrabromoethane",Yes,
"1,1,2,2-Tetrachloroethane",Yes,
"1,1,3-Trimethyl-3-(2-methallyl)cyclopentane",Yes,
"1,1,4,6-Tetramethylindan",Yes,
"1,1,4,7-Tetramethylindan",Yes,
"1,1'-Binaphthalene",Yes,
"1,1'-Oxybis[3-chloropropane]",Yes,
"1,2-Benzisothiazole",Yes,
"1,2-Benzisothiazolin-3-one",Yes,
"1,2-Bis(2-chloroethoxy)ethane",No,
"1,2-Butylene oxide",Yes,
"1,2-Dibromo-3-chloropropane",Yes,
"1,2-Dichlorobenzene-d4",Yes,
"1,2-Dichlorobutane",Yes,
"1,2-Dichloroethane",Yes,
"1,2-Dichloroethane-d4",No,
"1,2-Dichloroethylene",Yes,
"1,2-Dichloropropane",Yes,
"1,2-Dichloropropene",Yes,
"1,2-Dimethyl-3-ethylbenzene",No,
"1,2-Dimethyl-4-ethylbenzene",Yes,
"1,2-Dimethylhydrazine",Yes,
"1,2-Dimethylnaphthalene",Yes,
"1,2-Diphenylhydrazine",Yes,
"1,2-Epithiocyclohexane",Yes,
"1,2-Propadienylbenzene",Yes,
"1,2,3-Trichlorobenzene",Yes,
"1,2,3-Trichloropropane",Yes,
"1,2,3-Trimethylbenzene",Yes,
"1,2,3,4-Tetrachlorobenzene",Yes,
"1,2,3,4-Tetrahydronaphthalene",No,
"1,2,3,4-Tetramethylbenzene",Yes,
"1,2,3,4-Tetramethylphenanthrene",Yes,
"1,2,3,4,5,6-Hexachlorocyclohexane",Yes,
"1,2,3,4,5,7,7-Heptachloro-2-norbornene",Yes,
"1,2,3,4,6,7,8-Heptachlorodibenzo-p-dioxin",Yes,
"1,2,3,4,6,7,8-Heptachlorodibenzofuran",Yes,
"1,2,3,4,6,7,8,9-Octachlorodibenzo-p-dioxin",Yes,
"1,2,3,4,6,7,8,9-Octachlorodibenzofuran",Yes,
"1,2,3,4,7,7-Hexachloronorbornadiene",Yes,
"1,2,3,4,7,8-Hexachlorodibenzo-p-dioxin",Yes,
"1,2,3,4,7,8-Hexachlorodibenzofuran",Yes,
"1,2,3,4,7,8,9-Heptachlorodibenzofuran",Yes,
"1,2,3,5-Tetrachlorobenzene",Yes,
"1,2,3,5-Tetramethylbenzene",Yes,
"1,2,3,6,7,8-Hexachlorodibenzo-p-dioxin",Yes,
"1,2,3,6,7,8-Hexachlorodibenzofuran",Yes,
"1,2,3,7,8-Pentachlorodibenzo-p-dioxin",Yes,
"1,2,3,7,8-Pentachlorodibenzofuran",Yes,
"1,2,3,7,8,9-Hexachlorodibenzo-p-dioxin",Yes,
"1,2,3,7,8,9-Hexachlorodibenzofuran",Yes,
"1,2,4-Trichlorobenzene",Yes,
"1,2,4-Trimethylbenzene",Yes,
"1,2,4,5-Tetrachlorobenzene",Yes,
"1,2,4,5-Tetramethylbenzene",Yes,
"1,3-Butadiene",Yes,
"1,3-Dibromo-5,5-dimethylhydantoin",Yes,
"1,3-Dichloro-2-propanol",Yes,
"1,3-Dichloropropane",Yes,
"1,3-Dichloropropene",Yes,
"1,3-Dimethyl-4-ethylbenzene",Yes,
"1,3-Dimethyl-5-ethylbenzene",Yes,
"1,3-Dimethylindan",Yes,
"1,3-Dinitropyrene",Yes,
"1,3-Dioxolane",Yes,
"1,3,4,6,7,8-Hexahydro-4,6,6,7,8,8-hexamethylcyclopenta[g]-2-benzopyran",Yes,
"1,3,5-Triazine-2,4-diamine",Yes,
"1,3,5-Trichlorobenzene",Yes,
"1,3,5-Trimethylbenzene",Yes,
"1,3,5-Trinitrobenzene",No,
"1,4-Cyclohexanedione",Yes,
"1,4-Dichloro-2-butene",Yes,
"1,4-Dichloro-2-butyne",Yes,
"1,4-Dichlorobenzene-d4",No,
"1,4-Dichlorobutane",Yes,
"1,4-Difluorobenzene",No,
"1,4-Dimethoxyanthracene",Yes,
"1,4-Dimethylnaphthalene",Yes,
"1,4-Dioxane",Yes,
"1,4-Naphthoquinone",Yes,
"1,6-Dimethylindan",Yes,
"1,6-Dimethylnaphthalene",Yes,
"1,6,7-Trimethylnaphthalene",No,
"1,7-Dimethylxanthine",No,
"1,8-Naphthalic anhydride",Yes,
"1,9-Nonanediol",Yes,
11-KETOTESTOSTERONE,No,
11-Tricosene,Yes,
17.alpha.-Estradiol,No,
"1H-Inden-1-one, 2,3-dihydro-3,3-dimethyl-",Yes,
1rs Cis-Permethrin,No,
2-(Methylthio)benzothiazole,No,
2-(Nonylphenoxy)ethanol,No,
2-(p-iodophenyl)-3-(p-nitrophenyl)-5-phenyltetrazolium chloride,No,
"2-[2-[4-(1,1,3,3-Tetramethylbutyl)phenoxy]ethoxy]ethanol",Yes,
"2-[4-(1,1,3,3-Tetramethylbutyl)phenoxy]ethanol",Yes,
2-Acetylaminofluorene,No,
"2-Amino-4,6-dinitrotoluene",Yes,
2-Bromo-1-chloropropane,Yes,
2-Butanol,Yes,
2-Butoxy-2-oxoethyl butyl phthalate,No,
2-Butyloctanol,Yes,
2-Chloro-1-phenylethanol,Yes,
2-Chloro-4-isopropylamino-6-amino-s-triazine,Yes,
"2-Chloro-4,6-diamino-s-triazine",No,
2-Chlorobenzothiazole,Yes,
2-Chlorobiphenyl,Yes,
2-Chlorocyclohexanol,Yes,
2-Chloroethanol,Yes,
2-Chloroethyl vinyl ether,Yes,
2-Chloronaphthalene,Yes,
2-Chlorophenol-d4,Yes,
2-Chloropropane,Yes,
2-Chlorosyringaldehyde,No,
2-Choro-6-ethylamino-4-amino-s-triazine,Yes,
2-Cyclohexen-1-ol,Yes,
2-Cyclohexen-1-one,Yes,
2-Cyclohexylidenecyclohexanone,Yes,
2-Decanone,Yes,
2-Ethoxyethanol,Yes,
"2-Ethyl-1,3-hexanediol",No,
"2-Ethyl-2-methyl-1,3-dioxolane",No,
"2-Ethyl-4-methyl-1,3-dioxolane",No,
2-Ethyl-m-xylene,Yes,
2-Ethyl-p-xylene,Yes,
2-Ethylhexanoic acid,Yes,
2-Ethylhexanol,Yes,
2-Ethylhexyl diphenyl phosphate,Yes,
2-Ethylnaphthalene,Yes,
2-Fluoro-4-nitrophenol potassium salt,Yes,
2-Fluoro-6-nitrophenol,Yes,
2-Fluorobiphenyl,Yes,
2-Hexanone,Yes,
2-Hydroxy-4-methoxybenzophenone,Yes,
2-Methoxyethanol,No,
2-Methyl-1-phenyl-1-butene,Yes,
"2-Methyl-1,3-dioxolane",No,
2-Methyl-2-butanol,Yes,
2-Methyl-3-butyn-2-ol,Yes,
2-Methyl-3-pentanol,No,
2-Methyl-3-pentanone,No,
2-Methyl-4-octanone,Yes,
2-Methyl-5-nitroaniline,Yes,
2-Methylanthracene,Yes,
2-Methylbutanal,Yes,
2-Methylbutane,Yes,
2-Methylcyclohexanone,Yes,
2-Methylcyclopentanone,Yes,
2-Methylfuran,No,
2-Methylhexane,Yes,
2-Methylnaphthalene,Yes,
2-Methylpentane,Yes,
2-Methylphenanthrene,Yes,
2-Methylpyridine,Yes,
2-MOBDE,No,
2-Naphthalenamine,Yes,
"2-Nitro-1,1-bis(p-chlorophenyl)propane",No,
2-Nitro-M-Xylene,No,
2-Nitropropane,No,
2-Pentanone,Yes,
2-Phenyl-2-propanol,No,
2-Phenyldecane,Yes,
2-Phenyldodecane,Yes,
2-Phenylphenol,Yes,
2-Phenyltetradecane,Yes,
2-Phenyltridecane,Yes,
2-Phenylundecane,Yes,
2-Piperidinecarboxylic acid,Yes,
2-Piperidone,Yes,
2-Propen-1-ol,No,
2-tert-Butylthiophene,Yes,
2-Thiophenecarboxylic acid,Yes,
2-Thiophenemethylamine,Yes,
"2,2-Dibromo-3-nitrilopropionamide",Yes,
"2,2-Dichloropropane",Yes,
"2,2-Dimethylpropane",Yes,
"2,2,4-Trimethylpentane",No,
"2,2,4,5,6,7,8,8-Octachloro-2,3,3a,4,7,7a-hexahydro-4,7-methano-1H-indene",Yes,
"2,2,6-Trimethylcyclohexanone",Yes,
"2,2'-Biquinoline",Yes,
"2,2'-Dichlorobenzophenone",Yes,
"2,2'-Dichlorobiphenyl",Yes,
"2,2',3-Trichlorobiphenyl",Yes,
"2,2',3,3'-Tetrachlorobiphenyl",Yes,
"2,2',3,3',4-Pentachlorobiphenyl",Yes,
"2,2',3,3',4,4'-Hexachlorobiphenyl",Yes,
"2,2',3,3',4,4'-HXBDE (2,2',3,3',4,4'-HXBDE***retired*** use Hexabromodiphenyl ether)",No,
"2,2',3,3',4,4',5-Heptachlorobiphenyl",No,
"2,2',3,3',4,4',5,5'-Octachlorobiphenyl",Yes,
"2,2',3,3',4,4',5,5',6-NOBDE",No,
"2,2',3,3',4,4',5,5',6-Nonachlorobiphenyl",Yes,
"2,2',3,3',4,4',5,6-Octachlorobiphenyl",Yes,
"2,2',3,3',4,4',5,6,6'-NOBDE",No,
"2,2',3,3',4,4',5,6,6'-Nonachlorobiphenyl",Yes,
"2,2',3,3',4,4',5,6'-Octachlorobiphenyl",Yes,
"2,2',3,3',4,4',6-Heptachlorobiphenyl",Yes,
"2,2',3,3',4,4',6,6'-Octachlorobiphenyl",Yes,
"2,2',3,3',4,5-Hexachlorobiphenyl",Yes,
"2,2',3,3',4,5,5'-Heptachlorobiphenyl",Yes,
"2,2',3,3',4,5,5',6-Octachlorobiphenyl",Yes,
"2,2',3,3',4,5,5',6,6'-NOBDE",No,
"2,2',3,3',4,5,5',6,6'-Nonachlorobiphenyl",Yes,
"2,2',3,3',4,5,5',6'-Octachlorobiphenyl",Yes,
"2,2',3,3',4,5,6-Heptachlorobiphenyl",Yes,
"2,2',3,3',4,5,6,6'-Octachlorobiphenyl",Yes,
"2,2',3,3',4,5,6'-Heptachlorobiphenyl",Yes,
"2,2',3,3',4,5'-Hexachlorobiphenyl",Yes,
"2,2',3,3',4,5',6-Heptachlorobiphenyl",Yes,
"2,2',3,3',4,5',6,6'-Octachlorobiphenyl",Yes,
"2,2',3,3',4,5',6'-Heptachlorobiphenyl",Yes,
"2,2',3,3',4,6-Hexachlorobiphenyl",Yes,
"2,2',3,3',4,6,6'-Heptachlorobiphenyl",Yes,
"2,2',3,3',4,6'-Hexachlorobiphenyl",Yes,
"2,2',3,3',5-Pentachlorobiphenyl",Yes,
"2,2',3,3',5,5'-Hexachlorobiphenyl",Yes,
"2,2',3,3',5,5',6-Heptachlorobiphenyl",Yes,
"2,2',3,3',5,5',6,6'-Octachlorobiphenyl",Yes,
"2,2',3,3',5,6-Hexachlorobiphenyl",Yes,
"2,2',3,3',5,6,6'-Heptachlorobiphenyl",Yes,
"2,2',3,3',5,6'-Hexachlorobiphenyl",Yes,
"2,2',3,3',6-Pentachlorobiphenyl",Yes,
"2,2',3,3',6,6'-Hexachlorobiphenyl",Yes,
"2,2',3,4-Tetrachlorobiphenyl",Yes,
"2,2',3,4,4'-Pentachlorobiphenyl",Yes,
"2,2',3,4,4',5-Hexachlorobiphenyl",Yes,
"2,2',3,4,4',5,5'-Heptachlorobiphenyl",Yes,
"2,2',3,4,4',5,5',6-OCBDE",No,
"2,2',3,4,4',5,5',6-Octachlorobiphenyl",Yes,
"2,2',3,4,4',5,6-Heptachlorobiphenyl",Yes,
"2,2',3,4,4',5,6-HPBDE",No,
"2,2',3,4,4',5,6,6'-Octachlorobiphenyl",Yes,
"2,2',3,4,4',5,6'-Heptachlorobiphenyl",Yes,
"2,2',3,4,4',5'-Hexachlorobiphenyl",No,
"2,2',3,4,4',5'-HXBDE/2,3,4,4',5,6-HxBDE",Yes,
"2,2',3,4,4',5',6-Heptachlorobiphenyl",Yes,
"2,2',3,4,4',5',6-HPBDE",No,
"2,2',3,4,4',6-Hexachlorobiphenyl",Yes,
"2,2',3,4,4',6,6'-Heptachlorobiphenyl",Yes,
"2,2',3,4,4',6'-Hexachlorobiphenyl",Yes,
"2,2',3,4,5-Pentachlorobiphenyl",Yes,
"2,2',3,4,5,5'-Hexachlorobiphenyl",Yes,
"2,2',3,4,5,5',6-Heptachlorobiphenyl",Yes,
"2,2',3,4,5,6-Hexachlorobiphenyl",Yes,
"2,2',3,4,5,6,6'-Heptachlorobiphenyl",Yes,
"2,2',3,4,5,6'-Hexachlorobiphenyl",Yes,
"2,2',3,4,5'-Pentachlorobiphenyl",Yes,
"2,2',3,4,5',6-Hexachlorobiphenyl",Yes,
"2,2',3,4,6-Pentachlorobiphenyl",Yes,
"2,2',3,4,6,6'-Hexachlorobiphenyl",Yes,
"2,2',3,4,6'-Pentachlorobiphenyl",Yes,
"2,2',3,4'-Tetrachlorobiphenyl",Yes,
"2,2',3,4',5-Pentachlorobiphenyl",Yes,
"2,2',3,4',5,5'-Hexachlorobiphenyl",Yes,
"2,2',3,4',5,5',6-Heptachlorobiphenyl",Yes,
"2,2',3,4',5,6-Hexachlorobiphenyl",Yes,
"2,2',3,4',5,6,6'-Heptachlorobiphenyl",Yes,
"2,2',3,4',5,6'-Hexachlorobiphenyl",Yes,
"2,2',3,4',5'-Pentachlorobiphenyl",Yes,
"2,2',3,4',5',6-Hexachlorobiphenyl",Yes,
"2,2',3,4',6-Pentachlorobiphenyl",Yes,
"2,2',3,4',6,6'-Hexachlorobiphenyl",Yes,
"2,2',3,4',6'-Pentachlorobiphenyl",Yes,
"2,2',3,5-Tetrachlorobiphenyl",Yes,
"2,2',3,5,5'-Pentachlorobiphenyl",Yes,
"2,2',3,5,5',6-Hexachlorobiphenyl",Yes,
"2,2',3,5,6-Pentachlorobiphenyl",Yes,
"2,2',3,5,6,6'-Hexachlorobiphenyl",Yes,
"2,2',3,5,6'-Pentachlorobiphenyl",Yes,
"2,2',3,5'-Tetrachlorobiphenyl",Yes,
"2,2',3,5',6-Pentachlorobiphenyl",Yes,
"2,2',3,6-Tetrachlorobiphenyl",Yes,
"2,2',3,6,6'-Pentachlorobiphenyl",Yes,
"2,2',3,6'-Tetrachlorobiphenyl",Yes,
"2,2',4-TRBDE",No,
"2,2',4-Trichlorobiphenyl",Yes,
"2,2',4,4'-Tetrachlorobiphenyl",Yes,
"2,2',4,4',5-Pentachlorobiphenyl",Yes,
"2,2',4,4',5,5'-Hexachlorobiphenyl",No,
"2,2',4,4',5,6'-Hexachlorobiphenyl",Yes,
"2,2',4,4',5',6-HXBDE",No,
"2,2',4,4',6-Pentachlorobiphenyl",Yes,
"2,2',4,4',6,6'-Hexachlorobiphenyl",Yes,
"2,2',4,4',6,6'-HXBDE",No,
"2,2',4,5-Tetrachlorobiphenyl",Yes,
"2,2',4,5,5'-Pentachlorobiphenyl",Yes,
"2,2',4,5,6'-Pentachlorobiphenyl",Yes,
"2,2',4,5'-TEBDE",No,
"2,2',4,5'-Tetrachlorobiphenyl",Yes,
"2,2',4,5',6-Pentachlorobiphenyl",Yes,
"2,2',4,6-Tetrachlorobiphenyl",Yes,
"2,2',4,6,6'-Pentachlorobiphenyl",Yes,
"2,2',4,6'-TEBDE",No,
"2,2',4,6'-Tetrachlorobiphenyl",Yes,
"2,2',5-Trichlorobiphenyl",Yes,
"2,2',5,5'-Tetrachlorobiphenyl",Yes,
"2,2',5,6'-Tetrachlorobiphenyl",Yes,
"2,2',6-Trichlorobiphenyl",Yes,
"2,2',6,6'-Tetrachlorobiphenyl",Yes,
"2,3 Dimethyloctane",Yes,
"2,3-Dibromopropionic acid",Yes,
"2,3-Dichlorobiphenyl",Yes,
"2,3-Dichlorophenol",No,
"2,3-Dichloropropene",Yes,
"2,3-Dimethyl-3-hexanol",Yes,
"2,3,3'-Trichlorobiphenyl",Yes,
"2,3,3',4-Tetrachlorobiphenyl",Yes,
"2,3,3',4,4'-PEBDE",No,
"2,3,3',4,4'-Pentachlorobiphenyl",Yes,
"2,3,3',4,4',5-Hexachlorobiphenyl",Yes,
"2,3,3',4,4',5,5'-Heptachlorobiphenyl",Yes,
"2,3,3',4,4',5,5',6-OCBDE",No,
"2,3,3',4,4',5,5',6-Octachlorobiphenyl",Yes,
"2,3,3',4,4',5,6-Heptachlorobiphenyl",Yes,
"2,3,3',4,4',5,6-HPBDE",No,
"2,3,3',4,4',5'-Hexachlorobiphenyl",Yes,
"2,3,3',4,4',5',6-Heptachlorobiphenyl",Yes,
"2,3,3',4,4',6-Hexachlorobiphenyl",Yes,
"2,3,3',4,5-Pentachlorobiphenyl",Yes,
"2,3,3',4,5,5'-Hexachlorobiphenyl",Yes,
"2,3,3',4,5,5',6-Heptachlorobiphenyl",Yes,
"2,3,3',4,5,6-Hexachlorobiphenyl",Yes,
"2,3,3',4,5'-Pentachlorobiphenyl",Yes,
"2,3,3',4,5',6-Hexachlorobiphenyl",Yes,
"2,3,3',4,6-Pentachlorobiphenyl",Yes,
"2,3,3',4'-Tetrachlorobiphenyl",Yes,
"2,3,3',4',5-Pentachlorobiphenyl",Yes,
"2,3,3',4',5,5'-Hexachlorobiphenyl",Yes,
"2,3,3',4',5,5',6-Heptachlorobiphenyl",Yes,
"2,3,3',4',5,6-Hexachlorobiphenyl",Yes,
"2,3,3',4',5'-Pentachlorobiphenyl",Yes,
"2,3,3',4',5',6-Hexachlorobiphenyl",Yes,
"2,3,3',4',6-Pentachlorobiphenyl",No,
"2,3,3',5-Tetrachlorobiphenyl",Yes,
"2,3,3',5,5'-Pentachlorobiphenyl",Yes,
"2,3,3',5,5',6-Hexachlorobiphenyl",Yes,
"2,3,3',5,6-Pentachlorobiphenyl",Yes,
"2,3,3',5'-Tetrachlorobiphenyl",Yes,
"2,3,3',5',6-Pentachlorobiphenyl",Yes,
"2,3,3',6-Tetrachlorobiphenyl",Yes,
"2,3,4-Trichlorobiphenyl",Yes,
"2,3,4-Trichlorophenol",Yes,
"2,3,4,4'-Tetrachlorobiphenyl",Yes,
"2,3,4,4',5-Pentachlorobiphenyl",Yes,
"2,3,4,4',5,6-Hexachlorobiphenyl",Yes,
"2,3,4,4',6-Pentachlorobiphenyl",Yes,
"2,3,4,5-Tetrachlorobiphenyl",Yes,
"2,3,4,5-Tetrachlorophenol",Yes,
"2,3,4,5,6-PEBDE",No,
"2,3,4,5,6-Pentachlorobiphenyl",Yes,
"2,3,4,6-Tetrachlorobiphenyl",Yes,
"2,3,4,6-Tetrachlorophenol",Yes,
"2,3,4,6-Tetrachlorophenol/2,3,5,6-Tetrachlorophenol",Yes,
"2,3,4,6,7-Pentachlorodibenzofuran",Yes,
"2,3,4,6,7,8-Hexachlorodibenzofuran",Yes,
"2,3,4,7,8-Pentachlorodibenzofuran",Yes,
"2,3,4'-Trichlorobiphenyl",Yes,
"2,3,4',5-Tetrachlorobiphenyl",Yes,
"2,3,4',5,6-Pentachlorobiphenyl",Yes,
"2,3,4',6-Tetrachlorobiphenyl",Yes,
"2,3,5-Trichlorobiphenyl",Yes,
"2,3,5,6-Tetrachlorobiphenyl",Yes,
"2,3,5,6-Tetrachlorophenol",Yes,
"2,3,6-Trichlorobiphenyl",Yes,
"2,3,6-Trichlorophenol",No,
"2,3,6-Trimethylnaphthalene",Yes,
"2,3,7,8-Tetrachlorodibenzo-p-dioxin",Yes,
"2,3,7,8-Tetrachlorodibenzo-p-dioxin, TEQ",No,
"2,3,7,8-Tetrachlorodibenzofuran",Yes,
"2,3'-Dichlorobiphenyl",Yes,
"2,3',4-TRBDE",No,
"2,3',4-Trichlorobiphenyl",Yes,
"2,3',4,4'-Tetrachlorobiphenyl",Yes,
"2,3',4,4',5-PEBDE",No,
"2,3',4,4',5-Pentachlorobiphenyl",Yes,
"2,3',4,4',5,5'-Hexachlorobiphenyl",Yes,
"2,3',4,4',5'-Pentachlorobiphenyl",Yes,
"2,3',4,4',5',6-Hexachlorobiphenyl",Yes,
"2,3',4,4',6-PEBDE",No,
"2,3',4,4',6-PEBDE/2,3',4,5,5'-PEBDE (2,3',4,4',6-PEBDE/2,3',4,5,5'-PEBDE***retired***use BDE-119/120)",Yes,
"2,3',4,4',6-Pentachlorobiphenyl",Yes,
"2,3',4,5-Tetrachlorobiphenyl",Yes,
"2,3',4,5,5'-PEBDE",No,
"2,3',4,5,5'-Pentachlorobiphenyl",Yes,
"2,3',4,5'-Tetrachlorobiphenyl",Yes,
"2,3',4,5',6-Pentachlorobiphenyl",Yes,
"2,3',4,6-Tetrachlorobiphenyl",Yes,
"2,3',4'-Trichlorobiphenyl",Yes,
"2,3',4',5-Tetrachlorobiphenyl",Yes,
"2,3',4',5,5'-Pentachlorobiphenyl",Yes,
"2,3',4',5'-Tetrachlorobiphenyl",Yes,
"2,3',4',5',6-Pentachlorobiphenyl",Yes,
"2,3',4',6-TEBDE",No,
"2,3',4',6-Tetrachlorobiphenyl",Yes,
"2,3',5-Trichlorobiphenyl",Yes,
"2,3',5,5'-Tetrachlorobiphenyl",Yes,
"2,3',5'-Trichlorobiphenyl",Yes,
"2,3',5',6-Tetrachlorobiphenyl",Yes,
"2,3',6-Trichlorobiphenyl",Yes,
"2,4-D",Yes,
"2,4-D 2-butoxyethyl ester",No,
"2,4-D 2-ethylhexyl ester",No,
"2,4-D dimethylamine salt",No,
"2,4-D isobutyl ester",Yes,
"2,4-D isopropyl ester",No,
"2,4-D sec-butyl ester",No,
"2,4-DB",Yes,
"2,4-DIBDE",No,
"2,4-Dibromophenol",Yes,
"2,4-Dichlorobiphenyl",Yes,
"2,4-Dichloronitrobenzene",Yes,
"2,4-Dichlorophenol",No,
"2,4-Dichlorophenylacetic acid",No,
"2,4-Dimethylphenol",No,
"2,4-Dinitrophenol",Yes,
"2,4-Dinitrotoluene",No,
"2,4-Toluenediamine",Yes,
"2,4,4'-TRBDE/2',3,4-TRBDE (2,4,4'-TRBDE/2',3,4-TRBDE***retired***use BDE-28/33)",Yes,
"2,4,4'-Trichlorobiphenyl",No,
"2,4,4',5-Tetrachlorobiphenyl",Yes,
"2,4,4',6-TEBDE",No,
"2,4,4',6-Tetrachlorobiphenyl",Yes,
"2,4,5-T",Yes,
"2,4,5-T + Silvex",Yes,
"2,4,5-T isooctyl ester",Yes,
"2,4,5-T isopropyl ester",No,
"2,4,5-TB",No,
"2,4,5-Trichlorobiphenyl",Yes,
"2,4,5-Trichlorophenol",No,
"2,4,5-Trichlorophenoxypropanoic acid",No,
"2,4,5-Trimethylbenzoic acid",Yes,
"2,4,6-TRBDE",No,
"2,4,6-Tribromophenol",Yes,
"2,4,6-Trichlorobiphenyl",Yes,
"2,4,6-Trichloronitrobenzene",Yes,
"2,4,6-Trichlorophenol",Yes,
"2,4,6-Trimethylbenzoic acid",Yes,
"2,4,6-Trimethylphenol",Yes,
"2,4,6-Tris(tert-butyl)phenol",Yes,
"2,4'-DIBDE",No,
"2,4'-Dichlorobiphenyl",Yes,
"2,4',5-Trichlorobiphenyl",Yes,
"2,4',6-TRBDE",No,
"2,4',6-Trichlorobiphenyl",Yes,
"2,5-Dichlorobiphenyl",Yes,
"2,5-Dichlorophenol",Yes,
"2,5-Diethyltetrahydrofuran",Yes,
"2,5-Dimethylfuran",Yes,
"2,5-Dimethylthiophene",Yes,
"2,6-Di-tert-butyl-p-cresol",Yes,
"2,6-DIBDE",No,
"2,6-Dichloro-4-methylphenol",No,
"2,6-Dichlorobiphenyl",Yes,
"2,6-Dichlorophenol",Yes,
"2,6-Dichlorotoluene",Yes,
"2,6-Diethylaniline",Yes,
"2,6-Dimethylnaphthalene",Yes,
"2,6-Dinitro-p-cresol",Yes,
"2,6-Dinitrotoluene",No,
"2,6,10,15,19,23-Hexamethyl-2,6,10,14,18,22-tetracosahexaene",Yes,
"2,7-Dimethylnaphthalene",Yes,
3-Chloro-4-methylaniline,Yes,
3-Chlorobicyclo[3.2.1]oct-2-ene,Yes,
3-Chlorobiphenyl,Yes,
3-Cyclohexene-1-carboxylic acid,Yes,
3-Fluoro-4-nitrophenol,Yes,
3-Hydroxycarbofuran,Yes,
3-Methyl-1-indanone,Yes,
3-Methyl-2-pentanone,Yes,
3-Methylbiphenyl,No,
3-Methylcholanthrene,Yes,
3-Methylhexane,Yes,
3-Methylindole,Yes,
3-Methylpentane,Yes,
3-Methylphenol/4-Methylphenol coelution,Yes,
3-Methylsalicylic acid,Yes,
3-MOBDE,No,
3-Nitrofluoranthene,Yes,
"3-Pentanol, 3-ethyl-",Yes,
3-Phenyldecane,Yes,
3-Phenyltetradecane,Yes,
3-Phenyltridecane,Yes,
3-Phenylundecane,Yes,
3-Trifluoromethyl-4-nitrophenol,Yes,
"3,3-Dimethyl-1-butanol",No,
"3,3-Dimethylhexane",Yes,
"3,3'-DIBDE (3,3'-DIBDE***retired***use 3,3'-Dibromodiphenyl ether)",No,
"3,3'-Dichlorobenzidine",Yes,
"3,3'-Dichlorobenzophenone",Yes,
"3,3'-Dichlorobiphenyl",Yes,
"3,3'-Dimethoxybenzidine",Yes,
"3,3'-Dimethylbenzidine",Yes,
"3,3',4-TRBDE",No,
"3,3',4-Trichlorobiphenyl",Yes,
"3,3',4,4'-TEBDE",No,
"3,3',4,4'-Tetrachlorobiphenyl",Yes,
"3,3',4,4',5-PEBDE",No,
"3,3',4,4',5-Pentachlorobiphenyl",Yes,
"3,3',4,4',5,5'-Hexachlorobiphenyl",Yes,
"3,3',4,5-Tetrachlorobiphenyl",Yes,
"3,3',4,5,5'-Pentachlorobiphenyl",Yes,
"3,3',4,5'-TEBDE",No,
"3,3',4,5'-Tetrachlorobiphenyl",Yes,
"3,3',5-Trichlorobiphenyl",Yes,
"3,3',5,5'-Tetrachlorobiphenyl",Yes,
"3,4-DIBDE",No,
"3,4-Dichloroaniline",Yes,
"3,4-Dichlorobiphenyl",Yes,
"3,4-Dichlorophenol",Yes,
"3,4-Dimethylbenzoic acid",Yes,
"3,4-Dimethylhexane",Yes,
"3,4-Dimethylphenol",Yes,
"3,4,4'-TRBDE",No,
"3,4,4'-Trichlorobiphenyl",Yes,
"3,4,4',5-Tetrachlorobiphenyl",Yes,
"3,4,5-Trichlorobiphenyl",Yes,
"3,4,5-Trichlorocatechol",Yes,
"3,4'-DIBDE",No,
"3,4'-Dichlorobiphenyl",Yes,
"3,4',5-Trichlorobiphenyl",Yes,
"3,5-Dichlorobenzoic acid",Yes,
"3,5-Dichlorobiphenyl",Yes,
"3,5-Dichlorophenol",No,
"3,5-Dimethylphenol",Yes,
"3,5-Dinitroaniline",Yes,
"4-Amino-2,6-dinitrotoluene",Yes,
4-Aminobiphenyl,Yes,
4-Androstenedione,No,
4-Chloro-2-methylphenol,Yes,
"4-Chloro-3,5-dimethylphenol",No,
4-Chlorobiphenyl,Yes,
4-Dimethylaminoazobenzene,Yes,
"4-Ethyl-4H-1,2,4-triazole-3-amine",Yes,
4-Ethylresorcinol,Yes,
4-Fluoro-2-nitrophenol,Yes,
4-Hydroxy-4-methyl-2-pentanone,Yes,
"4-Methyl-1,3-dioxolane",Yes,
4-Methyl-2-pentanol,Yes,
4-Methyl-2-pentene,No,
4-Methyl-3-nitroaniline,Yes,
4-Methyldecane,Yes,
4-Methylindan,Yes,
4-MUB-a-D-galactoside,No,
4-MUB-a-D-glucoside,No,
4-MUB-b-D-galactoside,No,
4-MUB-b-D-glucoside,No,
4-MUB-b-D-xylopyranoside,No,
4-MUB-N-acetyl-b-glucosaminide,No,
4-MUB-phosphate,No,
4-MUB-sulfate,No,
4-Nitrobiphenyl,Yes,
4-Penten-2-ol,Yes,
4-Phenylbutyric acid,Yes,
4-Phenyldecane,Yes,
4-Phenyldodecane,Yes,
4-Phenylpyridine,Yes,
4-Phenyltetradecane,Yes,
4-Phenyltridecane,Yes,
4-Phenylundecane,Yes,
4-Terphenyl-d14 (4-Terphenyl-d14***retired***use p-Terphenyl-d14),Yes,
"4,4-Dimethyl-1,3-dioxane",Yes,
"4,4'-Dichlorobenzil",Yes,
"4,4'-Dichlorobiphenyl",Yes,
"4,4'-Isopropylidenediphenol",Yes,
"4,4'-Methylenebis(2-chloroaniline)",Yes,
"4,5-Dichlorocatechol",Yes,
"4,5-Dimethyl-1,2-dithiol-3-one",Yes,
"4,5,6-Trichloroguaiacol",Yes,
"4,6-Dichloro-o-cresol",Yes,
"4,6-Dimethylindan",Yes,
"4,6-Dinitro-o-cresol",No,
"4,7-Dimethylindan",Yes,
4H-Cyclopenta[def]phenanthrene,Yes,
5-Hydroxydicamba,Yes,
5-Methylindan,Yes,
5-Nitroacenaphthene,Yes,
5-Nitrovanillin,Yes,
5-Phenyldecane,Yes,
5-Phenyldodecane,Yes,
5-Phenyltetradecane,Yes,
5-Phenyltridecane,Yes,
5-Phenylundecane,Yes,
5-Tolyltriazole,Yes,
"5,6-Dibutyl-5,6-bis(4-tert-butylphenyl)decane",Yes,
"6-Acetyl-1,1,2,4,4,7-hexamethyltetralin",Yes,
6-Phenyldodecane,Yes,
6-Phenyltetradecane,Yes,
6-Phenyltridecane,Yes,
6-Phenylundecane,Yes,
7-Phenyltetradecane,Yes,
7-Phenyltetradecane + 6-phenyltridecane mix,Yes,
"7,12-Dimethylbenz[a]anthracene",Yes,
9-Hexadecenoic acid,Yes,
9-Methylanthracene,Yes,
9-Nitroso-9H-carbazole,Yes,
9-Octadecenal,Yes,
9-Octadecene,Yes,
a-D-galactosidase (corrected for carbon content),No,
a-D-glucosidase (corrected for carbon content),No,
Abietylamine,Yes,
Acanthamoeba,No,
Acanthamoeba astronyxis,No,
Acanthamoeba castellanii,No,
Acanthamoeba comandoni,No,
Acanthamoeba culbertsoni,No,
Acanthamoeba griffini,No,
Acanthamoeba hatchetti,No,
Acanthamoeba hyalina,No,
Acanthamoeba lenticulata,No,
Acanthamoeba palestinensis,No,
Acanthamoeba polyphaga,No,
Acanthamoeba rhysodes,No,
Acanthamoeba royreba,No,
Acanthamoeba terricola,No,
Acanthamoeba tubiashi,No,
Acenaphthene,Yes,
Acenaphthylene,Yes,
Acephate,No,
Acequincyl,Yes,
Acetaldehyde,No,
Acetaldol,Yes,
Acetamide,No,
Acetaminophen,Yes,
Acetamiprid,Yes,
Acetic acid,No,
"Acetic acid, octadecyl ester",Yes,
Acetochlor,No,
Acetone,Yes,
Acetonitrile,No,
Acetophenone,No,
Acetovanillone,Yes,
Acetylene,No,
Acibenzolar-S-methyl,Yes,
Acid - Base Potential,No,
Acid Generation Potential,No,
Acid Neutralization Potential Acidity (ANPA),No,
Acid Neutralization Potential As %CaCO3,No,
Acid Volatile Sulfides,Yes,
"Acidity, hydrogen ion (H+)",No,
Acifluorfen,Yes,
"Acifluorfen, sodium salt",Yes,
Acinetobacter,No,
Acridine,No,
Acrolein,Yes,
Acrylamide,No,
Acrylonitrile,Yes,
Actinium-228,No,
Active channel height,No,
Active channel width,No,
Actual Number of Individuals Examined,No,
Actual Number of Individuals Measured,No,
Actual Number of Individuals Weighed,No,
Adenosine triphosphate,No,
Aeromonas hydrophila,No,
Aflatoxins,No,
Age,No,
"Age, Otoliths (Fish)",No,
"Age, Scales (Fish)",No,
"Age, Spines (Fish)",No,
"Age, Vertebra (Fish)",No,
Aggressive index,No,
Air entrained,No,
Alachlor,Yes,
Albuterol,No,
Aldicarb,Yes,
Aldicarb sulfone,Yes,
Aldicarb sulfoxide,Yes,
Aldrin,Yes,
"Aldrin + dieldrin mix, unspecified",Yes,
"Algae, all groups, density",No,
"Algae, blue-green (phylum cyanophyta) density",No,
"Algae, brown (phylum phaeophyta) density",No,
"Algae, golden-brown (phylum chrysophyta) density",No,
"Algae, green (phylum chlorophyta) density",No,
"Algae, red (phylum rhodophyta) density",No,
"Algae, substrate rock/bank cover (choice list)",No,
"Algae, yellow-green (phylum xanthophyta) density",No,
algal entity density,No,
Algal growth potential,No,
Aliphatics fraction,Yes,
Alkaline phosphatase,No,
"Alkalinity, Phenolphthalein (total hydroxide+1/2 carbonate)",Yes,
Alkane mix C10-C34,Yes,
"Alkanes, total",Yes,
Allethrin,No,
Allyl chloride,Yes,
Allyl isothiocyanate,Yes,
Alpha particle,No,
Alprazolam,No,
Altitude,No,
Aluminum sulfate,Yes,
"Aluminum, Organic + Inorganic Monomeric (reactive aluminum)",Yes,
"Aluminum, Organic Monomeric (reactive aluminum)",Yes,
Americium-241,No,
Ametryn,Yes,
Amikacin,Yes,
Aminocarb,No,
Aminomethylphosphonic acid,Yes,
Amitriptyline,Yes,
Amitrole,Yes,
Ammonia uptake,No,
Ammonium,Yes,
Ammonium bromide,Yes,
Ammonium hydroxide,Yes,
Ammonium perchlorate,Yes,
Ammonium picrate,Yes,
Ammonium sulfamate,Yes,
Amobam oxidation products,Yes,
Amoeba,No,
Amoebidae,No,
Amosite Asbestos,No,
Amount of Refuse on Banks (choice list),No,
Amoxicillin trihydrate,Yes,
Amphetamine,No,
Ampicillin,Yes,
Amylbenzene,Yes,
Anabasine,Yes,
Anatoxin,Yes,
Androsterone,No,
Anilazine,No,
Aniline,Yes,
Anion deficit,Yes,
Anion/cation ratio,Yes,
Anise oil,Yes,
Anisole,No,
Anthracene,Yes,
Anthraquinone,Yes,
Antimony potassium tartrate,Yes,
Antimony-124,Yes,
Antimony-125,No,
Antimycin A,Yes,
Apparent color,No,
Apramycin,Yes,
"ar,ar'-Dimethylbiphenyl",No,
Argon,No,
Aroclor (unspecified),Yes,
Aroclor 1016,Yes,
Aroclor 1016 mixt. with Aroclor 1221,Yes,
Aroclor 1016 mixt. with Aroclor 1242,Yes,
Aroclor 1210,Yes,
Aroclor 1216,Yes,
Aroclor 1221,Yes,
Aroclor 1231,Yes,
Aroclor 1232,Yes,
Aroclor 1240,Yes,
Aroclor 1242,Yes,
Aroclor 1242 mixt. with Aroclor 1248,Yes,
Aroclor 1242 mixt. with Aroclor 1248 and Aroclor 1260,Yes,
Aroclor 1242 mixt. with Aroclor 1254,Yes,
Aroclor 1242 mixt. with Aroclor 1254 and Aroclor 1260,Yes,
Aroclor 1242 mixt. with Aroclor 1260,Yes,
Aroclor 1248,Yes,
Aroclor 1248 mixt. with Aroclor 1254,Yes,
Aroclor 1248 mixt. with Aroclor 1254 and Aroclor 1260,Yes,
Aroclor 1248 mixt. with Aroclor 1260,Yes,
Aroclor 1250,Yes,
Aroclor 1252,Yes,
Aroclor 1254,Yes,
Aroclor 1254 mixt. with Aroclor 1260,Yes,
Aroclor 1260,Yes,
Aroclor 1262,Yes,
Aroclor 1268,Yes,
Aroclor 5442,Yes,
Aromatics fraction,Yes,
Arsenic ion (3+),Yes,
Arsenic ion (5+),Yes,
Arsenic pentafluoride,Yes,
Arsenic(V) pentoxide,Yes,
Arsenide,Yes,
Asbestos,No,
ashes,No,
Aspect,No,
"Atmospheric deposition, dry fall",No,
"Atmospheric deposition, wet fall",No,
Atraton,Yes,
Atrazine,Yes,
Azide,Yes,
Azinphos-ethyl,No,
Azinphos-methyl,No,
Azithromycin,Yes,
Azobenzene,No,
Azoxystrobin,No,
Azulene,Yes,
b-D-galactosidase (corrected for carbon content),No,
b-D-glucosidase (corrected for carbon content),No,
b-D-xylosidase (corrected for carbon content),No,
b-N-acetylglucosaminidase (corrected for carbon content),No,
Bacillus thuringiensis (Berliner),Yes,
Bacillus thuringiensis aizawai,Yes,
Bacillus thuringiensis aizawai GC-91,Yes,
Bacillus thuringiensis israelensis,Yes,
Bacillus thuringiensis kurstaki,Yes,
Bacillus thuringiensis kurstaki BMP123,Yes,
Bacillus thuringiensis kurstaki EG2348,Yes,
Bacillus thuringiensis kurstaki EG2371,Yes,
Bacillus thuringiensis kurstaki EG2424,Yes,
"Bacillus thuringiensis kurstaki HD1, D-endotoxin, cry1A(b)",Yes,
"Bacillus thuringiensis morrisoni, lepidopteran active",Yes,
Bacillus thuringiensis NB357M,Yes,
Bacillus thuringiensis tenebrionis,Yes,
Bacitracin,Yes,
"Bacteria mix, unspecified",No,
"Bacteria, denitrifiers",No,
"Bacteria, iron+sulfur fixers",No,
"Bacteria, nitrifiers",No,
"Bacteria,Sulfate reducing",Yes,
Bank class (choice list),No,
"Bank class, Left (choice list)",No,
"Bank class, Right (choice list)",No,
Bank erosion stability (choice list),No,
"Bank Stability, Left",No,
"Bank Stability, Right",No,
Bank vegetative stability (choice list),No,
Barban,No,
Barite,No,
Barium-133,Yes,
Barium-140,No,
Barium-lanthanum,Yes,
Barometric pressure,No,
Bases,Yes,
BDE-119/120,No,
BDE-12/13,No,
BDE-208,No,
BDE-28/33,No,
BDE-8/11,No,
Beck Biotic Index,No,
Bendiocarb,No,
Bendiocarb phenol,No,
Benfluralin,No,
Benomyl,No,
Bensulfuron-methyl,No,
Bensulide,No,
Bentazon,No,
Bentonite,No,
Benz[a]anthracene,No,
Benzal chloride,Yes,
Benzaldehyde,No,
"Benzaldehyde, 2-chloro-4-hydroxy-5-methoxy-",Yes,
"Benzaldehyde, 2,3-dichloro-4-hydroxy-5-methoxy-",Yes,
"Benzaldehyde, 3-methyl-",Yes,
Benzene,No,
"Benzene, (1-ethyldecyl)-",Yes,
"Benzene, 1-bromo-4-phenoxy- (Benzene, 1-bromo-4-phenoxy-***retired***use p-Bromophenyl phenyl ether)",No,
"Benzene, 1,1'-oxybis[2,3,4,5,6-pentabromo-",No,
"Benzene, 1,1'-oxybis[2,4-dibromo-",No,
"Benzene, 1,1'-oxybis[2,4,5-tribromo-",No,
"Benzene, 1,1'-oxybis[4-bromo-",No,
"Benzene, 1,2-dibromo-4-(2,4-dibromophenoxy)-",No,
"Benzene, 1,2,3-tribromo-4-(2,4-dibromophenoxy)-",No,
"Benzene, 1,2,3-tribromo-4-(2,4,5-tribromophenoxy)-",No,
"Benzene, 1,2,3-tribromo-4-(2,4,6-tribromophenoxy)-",No,
"Benzene, 1,2,4-tribromo-5-(2,4-dibromophenoxy)-",No,
"Benzene, 1,3,5-tribromo-2-(2,4-dibromophenoxy)-",No,
"Benzene, 1,3,5-tribromo-2-(2,4,5-tribromophenoxy)-",No,
"Benzene, 2,4-dibromo-1-(4-bromophenoxy)-",No,
"Benzene, C6-12-alkyl derivs.",No,
"Benzene, nonyl-",Yes,
"Benzene, pentabromo(4-bromophenoxy)-",No,
"Benzene, toluene, ethyl benzene, xylenes mix",Yes,
"Benzene,1,1'-(chloroethenylidene)bis(4-chloro-",Yes,
"Benzeneacetic acid, .alpha.-methyl-4-(2-methylpropyl)-",No,
Benzeneacetonitrile,No,
Benzeneethanol,No,
"Benzenepropanenitrile, .alpha.-(cyclopropylcarbonyl)- 2-(methylsulfonyl)-.beta.- oxo-4-(trifluoromethyl)-",No,
"Benzenesulfonic acid, C10-13-alkyl derivs., sodium salts",No,
Benzidine,No,
Benzo(b)fluoranthene,Yes,
Benzo[a]pyrene,No,
"Benzo[b]naphtho[2,3-d]thiophene",Yes,
Benzo[b]thiophene,Yes,
Benzo[c]cinnoline,No,
Benzo[e]pyrene,Yes,
Benzo[ghi]perylene,Yes,
Benzo[j]fluoranthene,Yes,
Benzo[k]fluoranthene,Yes,
Benzofluoranthene,Yes,
Benzofluorene,Yes,
Benzofuran,Yes,
Benzoic acid,Yes,
Benzonitrile,No,
Benzophenone,No,
Benzothiazole,No,
Benzotrifluoride,Yes,
Benzoyl chloride,Yes,
Benzyl alcohol,No,
Benzyl chloride,Yes,
Benzyl ethyl ether,Yes,
Beryllium-7,No,
Beta particle,No,
"BHC, .beta.-BHC & .gamma.-BHC mix, unspecified",Yes,
Bi-2-cyclohexen-1-yl,Yes,
Bibenzyl,Yes,
Bicarbonate,No,
Bifenazate,Yes,
Bifenthrin,Yes,
Bio-toxin,Yes,
"Biochemical oxygen demand, non-standard conditions",No,
"Biochemical oxygen demand, standard conditions",No,
Bioluminescence (%),No,
Biomass,No,
"Biomass, benthic",No,
"Biomass, chlorophycota",No,
"Biomass, chrysophyta",No,
"Biomass, cryptophycophyta",No,
"Biomass, cyanophycota",No,
"Biomass, drift macroinvertebrates",No,
"Biomass, euglenophycota",No,
"Biomass, periphyton",No,
"Biomass, phytoplankton",No,
"Biomass, plankton",No,
"Biomass, pyrrophycophyta",No,
"Biomass, zooplankton",No,
Biomass/chlorophyll ratio,No,
Biphenyl,Yes,
Bis(2-chloro-1-methylethyl) ether,Yes,
Bis(2-chloroethoxy)methane,Yes,
Bis(2-chloroethyl) ether,No,
Bis(2-chloroisopropyl) ether,Yes,
Bis(2-hydroxypropyl) ether,No,
bis(3-Methylcyclohexyl) peroxide,Yes,
Bis(4-chlorophenyl)methane,No,
Bis(chloromethyl) ether,No,
Bismuth,Yes,
Bismuth-211,Yes,
Bismuth-212,Yes,
Bismuth-214,No,
Blasticidin S,Yes,
"BOD, Sediment Load",Yes,
Boric acid,Yes,
"Boric acid esters mixture, unspecified",Yes,
Boron,Yes,
Branched p-nonylphenol,No,
Brillouin Taxonomic Diversity Index,No,
Bromacil,No,
Bromate,Yes,
Bromide,No,
Bromine,Yes,
Bromine chloride,Yes,
Bromoacetic acid,Yes,
Bromobenzene,No,
Bromochloroacetic acid,Yes,
Bromochloroacetonitrile,Yes,
Bromochloroiodomethane,Yes,
Bromodichloroacetic acid,Yes,
Bromoethane,No,
Bromoxynil,Yes,
Bulan,Yes,
"Bulan mixt. with 2-nitro-1,1-bis(p-chlorophenyl)propane",No,
Butachlor,Yes,
Butane,Yes,
Butanedinitrile,Yes,
Butene,No,
Butyl 2-ethylhexyl phthalate,No,
Butyl benzoate,Yes,
Butyl benzyl phthalate,Yes,
Butyl stearate,No,
Butylamine,Yes,
Butylate,No,
Butylated hydroxyanisole,Yes,
Butylbenzene,No,
Butyltin,No,
Butyltin trichloride,Yes,
Butyraldehyde,No,
Butyric acid,Yes,
C1-C3 Fluorenes,Yes,
C1-C4 Chrysenes,Yes,
C1-C4 Fluoranthenes,Yes,
C1-C4 Phenanthrenes,Yes,
C1-Fluoranthenes/pyrenes,Yes,
C1-Fluorenes,Yes,
C1-Phenanthrenes/anthracenes,Yes,
C10 Hydrocarbons,No,
C10-16-Alkyldimethylamines oxides,Yes,
C10-C12 Aliphatics,Yes,
C10-C12 Aromatics,Yes,
C12 Hydrocarbons,No,
C12-C13 Aromatics,Yes,
C12-C16 Aliphatics,Yes,
C12-C16 Aromatics,Yes,
C14 Hydrocarbons,No,
C16 Hydrocarbons,No,
C16-C21 Aliphatics,Yes,
C16-C21 Aromatics,Yes,
C18 Hydrocarbons,No,
C2-Chrysenes,Yes,
C2-Dibenzothiophenes,Yes,
C2-Fluoranthenes/pyrenes,Yes,
C2-Fluorenes,Yes,
C2-Naphthalenes,Yes,
C2-Phenanthrenes/anthracenes,Yes,
C20 Hydrocarbons,No,
C21-C34 Aliphatics,Yes,
C21-C34 Aromatics,Yes,
C22 Hydrocarbons,No,
C24 Hydrocarbons,Yes,
C26 Hydrocarbons,Yes,
C28 Hydrocarbons,Yes,
C29 Hydrocarbons,Yes,
C3-Chrysenes,Yes,
C3-Dibenzothiophenes,Yes,
C3-Fluoranthenes/pyrenes,Yes,
C3-Fluorenes,Yes,
C3-Naphthalenes,Yes,
C3-Phenanthrenes/anthracenes,Yes,
C30 Hydrocarbons,Yes,
C31 Hydrocarbons,Yes,
C32 Hydrocarbons,Yes,
C33 Hydrocarbons,Yes,
C34 Hydrocarbons,Yes,
C35 Hydrocarbons,Yes,
C4-C6 Aliphatics,Yes,
C4-Chrysenes,Yes,
C4-Dibenzothiophenes,Yes,
C4-Naphthalenes,Yes,
C4-Phenanthrenes/anthracenes,Yes,
C5-C6 Aliphatics,Yes,
C6-C8 Aliphatics,Yes,
C8 Hydrocarbons,Yes,
C8-C10 Aliphatics,Yes,
C8-C10 Aromatics,Yes,
Cacodylic acid,No,
Caffeine,No,
Calcium carbonate,No,
Calcium hydroxide,No,
Calcium oxide,No,
Calcium sulfate,Yes,
Calcium sulfate dihydrate,Yes,
Calcium-45,No,
Camphor,No,
Candida,No,
Candida albicans,No,
Canopy Measure Center Down,No,
Canopy Measure Center Upstream,No,
Canopy Measure Left Bank,No,
Canopy Measure Right Bank,No,
Caprolactam,No,
Captafol,No,
Captan,No,
Carbamazepine,No,
Carbamazepine-d10,No,
Carbaryl,No,
Carbazole,No,
Carbendazim,No,
Carbofuran,No,
Carbon,Yes,
Carbon dioxide,Yes,
Carbon disulfide,No,
Carbon monoxide,No,
Carbon tetrachloride,Yes,
Carbon-13/Carbon-12 ratio,Yes,
Carbon-14,No,
"Carbon, isotope of mass 13",Yes,
"Carbonaceous biochemical oxygen demand, non-standard conditions",No,
"Carbonaceous biochemical oxygen demand, standard conditions",No,
Carbonate,Yes,
Carbophenothion,No,
Carbophenothion-methyl,No,
Carboxin,No,
Carcinogenic polycyclic aromatic hydrocarbons,No,
Carfentrazone-ethyl,Yes,
Catechol,Yes,
Cation exchange capacity,No,
Cations-Anions,Yes,
Cefoxitin,Yes,
Ceftriaxone,Yes,
Cell Volume,No,
Cephalothin,Yes,
Cerium,No,
Cerium-141,Yes,
Cerium-144,No,
Cesium-134,No,
Cesium-136,Yes,
Cesium-137,No,
CFC-11,No,
CFC-113,No,
CFC-113a,Yes,
CFC-114,No,
CFC-12,No,
Channel alteration (text),No,
Channel form (choice list),No,
Channel Type (choice list),No,
Channel vegetative cover,No,
Chemical oxygen demand,No,
Chloral,Yes,
Chloral hydrate,Yes,
Chloramben,No,
Chloramben-methyl,Yes,
Chloramine,Yes,
"Chloramines mixture, unspecified",Yes,
Chloramphenicol,Yes,
Chlorate,Yes,
Chlorbenside,No,
Chlordane,Yes,
"Chlordane, technical",Yes,
"Chlordane, technical, and/or chlordane metabolites",Yes,
Chlordecone,No,
Chlordene,No,
Chlordiazepoxide,No,
Chlordimeform,No,
Chlorfenson,No,
Chlorfenvinphos,Yes,
Chlorimuron-ethyl,Yes,
"Chlorinated dioxins and furans -- 2,3,7,8 congeners only",No,
Chlorinated naphthalenes,Yes,
Chlorine,No,
Chlorine demand,No,
Chlorine dioxide,Yes,
Chlorite,Yes,
Chloroacetaldehyde,No,
Chloroacetic acid,Yes,
Chloroacetonitrile,No,
Chloroaniline,Yes,
Chlorobenzene,No,
Chlorobenzene-d5,No,
Chlorobenzilate,No,
Chlorodibromomethane,No,
Chloroethane,No,
Chloroform,No,
Chloromethane,No,
Chloromethyl methyl ether,No,
Chloronaphthalene,Yes,
Chloroneb,No,
Chloronitrobenzene,No,
Chlorophenol,No,
Chlorophyll,No,
Chlorophyll a (probe relative fluorescence),No,
"Chlorophyll a, free of pheophytin",No,
"Chlorophyll a, uncorrected for pheophytin",No,
Chlorophyll b,Yes,
Chlorophyll c,Yes,
Chlorophyll/Pheophytin ratio,No,
Chloropicrin,No,
Chloroprene,No,
Chloropropylate,No,
Chlorothalonil,No,
Chlorotoluene,No,
Chlorotrifluoroethylene,No,
Chloroxuron,No,
Chlorpropham,No,
Chlorpyrifos,No,
Chlorpyrifos-methyl,No,
Chlorsulfuron,Yes,
Chlortetracycline,Yes,
Chlorthal,No,
Chlorthal monoacid and diacid degradates,Yes,
Chlorthal-dimethyl,No,
Chlorthal-Monomethyl,No,
Chlorthion,No,
Cholesterol,No,
Chromium-51,No,
Chromium(III),Yes,
Chromium(VI),Yes,
Chrysene,Yes,
Chrysotile,No,
Chrysotile asbestos,Yes,
Cimetidine,No,
Cinerin I,No,
Cinnamic acid,Yes,
Ciprofloxacin,Yes,
cis-1-Bromo-2-chlorocyclohexane,Yes,
"cis-1,2-Dichloroethylene",Yes,
"cis-1,3-Dichloropropene",Yes,
"cis-1,3-Dimethylcyclopentane",Yes,
cis-2-Bromocyclohexanol,Yes,
Cis-2-Butene,No,
Cis-2-Pentene,No,
cis-2-Phenyl-2-butene,Yes,
cis-Captafol,No,
cis-Chlordane,Yes,
cis-Nonachlor,Yes,
Citrobacter,No,
"Clavibacter xyli cynodontis, producing BTK D-Endotoxin",Yes,
Clomazone,Yes,
Clonitralid,No,
Clopyralid,No,
Clostridium,No,
Clostridium perfringens,No,
Cloud cover,No,
Cloud cover (choice list),No,
Cloud type (choice list),No,
Coal,No,
Cobalt-57,Yes,
Cobalt-58,No,
Cobalt-60,No,
Cocaine,No,
Codeine,No,
"Coliform/Streptococcus ratio, fecal",No,
"Coliphage, Male Specific (F+) all Groups",No,
"Coliphage, Male Specific (F+) Group I",No,
"Coliphage, Male Specific (F+) Group II + Group III",No,
"Coliphage, Male Specific (F+) Group IV",No,
"Coliphage, Somatic",No,
Colored dissolved organic matter (CDOM),Yes,
Compass / Tilt (probe),No,
Copper Sulfate Pentahydrate,No,
Coprosterol,Yes,
"Corrosion & scaling control, Langelier Saturation Index",No,
"Corrosion & scaling control, Ryznar Stability Index",No,
Cotinine,Yes,
Coumaphos,No,
Count,No,
Crayfish presence (choice list),No,
Creosote,Yes,
Cresol,No,
Crocidolite Asbestos,No,
Cross-section Depth,No,
Crotoxyphos,Yes,
Cryptomonas,No,
Cryptomonas acuta,No,
Cryptomonas erosa,No,
Cryptomonas irregularis,No,
Cryptomonas ovata,No,
Cryptomonas pusilla,No,
Cryptomonas stigmatica,No,
Cryptosporidiidae,No,
Cryptosporidium,No,
Cryptosporidium parvum,No,
Cumene,Yes,
Curium-243,Yes,
Curium-244,No,
Curium-245,Yes,
Current direction,No,
Current speed,No,
Cyanazine,No,
Cyanic acid,Yes,
Cyanide,No,
Cyanides amenable to chlorination (HCN & CN),Yes,
Cyanogen chloride,No,
Cyclethrin,Yes,
Cycloate,No,
Cyclododecane,Yes,
Cyclohexane,No,
Cyclohexanecarboxylic acid,No,
Cyclohexanol,No,
Cyclohexanone,No,
Cyclohexene,Yes,
Cyclohexylamine,No,
Cyclonite,Yes,
Cyclopentane,No,
Cyclopropylbenzene,Yes,
Cyclotetramethylenetetranitramine,Yes,
Cymene,Yes,
Cypermethrin (Cypermethrin***retired***use Beta Cypermethrin),Yes,
Cyprazine,No,
d-cis-trans-Allethrin,Yes,
D-Gluconic acid,Yes,
D-gluconic acid sodium salt,Yes,
D-Limonene,Yes,
d-trans-Allethrin,Yes,
Dalapon,Yes,
Data-logger operating voltage,No,
"DDD, o,o'-, o,p'-, and p,p'- isomers",No,
"DDD, o,p'- and p,p'- isomers",No,
"DDE, o,o'-, o,p'-, and p,p'- isomers",No,
"DDE, o,p'- and p,p'- isomers",No,
"DDT, o,p'- and p,p'- isomers",No,
"DDT/DDD/DDE, sum of p,p' & o,p' isomers",No,
"DDT/DDD/DDE, sum of p,p' isomers",Yes,
Decachlorobiphenyl,Yes,
Decafluorobiphenyl,Yes,
Decahydronaphthalene,No,
Decamethylcyclopentasiloxane,No,
Decane,Yes,
Decanoic acid,Yes,
Decylbenzene,Yes,
Decyne,Yes,
Dehydroabietic acid,No,
Dehydroabietylamine,Yes,
Dehydroabietylamine acetate,Yes,
Dehydrogenase,No,
Dehydrogenase (corrected for carbon content),No,
Dehydronifedipine,No,
Deltamethrin,No,
Demeton,No,
Demeton-methyl,No,
Demeton-O,Yes,
Demeton-S,Yes,
Density,No,
Density as sigma-t,No,
Deoxygenation constant,No,
Deoxygenation constant-carbon,No,
Deoxygenation constant-nitrogen,No,
Depth,No,
"Depth, below bottom surface",No,
"Depth, bottom",No,
"Depth, data-logger (non-ported)",No,
"Depth, data-logger (ported)",No,
"Depth, from ground surface to well water level",No,
"Depth, Secchi disk depth (choice list)",No,
"Depth, snow cover",No,
Desipramine,Yes,
DESMEDIPHAM,Yes,
"Detergent, severity (choice list)",No,
Deuterium/Hydrogen ratio,No,
Dexamethasone,No,
Dextronorgestrel (choice list),Yes,
Di-n-octyl phthalate,Yes,
Di-tert-butyl ketone,Yes,
Di(2-ethylhexyl) adipate,Yes,
Di(2-ethylhexyl) phthalate,Yes,
Di(dehydroabietyl)amine acetate,Yes,
Diallate,No,
Diallyl phthalate,Yes,
Diameter,No,
Diatoms,No,
Diazepam,No,
Diazinon,No,
"Dibenz[a,h]anthracene",No,
"Dibenz[a,j]acridine",No,
"Dibenzo[a,h]pyrene",Yes,
"Dibenzo[b,k]fluoranthene",Yes,
Dibenzofuran,No,
Dibenzothiophene,Yes,
Dibenzothiophene (C1-C3),Yes,
Dibenzylamine,No,
Dibromoacetic acid,Yes,
Dibromoacetonitrile,Yes,
Dibromochloroacetic acid,Yes,
Dibromochloroethane,No,
Dibromodichloromethane,No,
Dibromofluoromethane,No,
Dibromomethane,No,
Dibutyl azelate,No,
Dibutyl chlorendate,Yes,
Dibutyl phthalate,Yes,
Dibutyl terephthalate,Yes,
Dibutylstannanediylium,No,
Dibutyltin,No,
Dibutyltin dichloride,Yes,
Dicamba,No,
Dicapthon,No,
Dichlobenil,No,
Dichlofenthion,No,
Dichlone,No,
Dichloran,No,
Dichloroacetic acid,No,
Dichloroacetonitrile,No,
Dichloroacetylene,No,
Dichloroanisole,No,
Dichlorobenzene,Yes,
Dichlorobiphenyl,No,
Dichlorobromofluoromethane,No,
Dichlorobromomethane,No,
Dichlorobutane,Yes,
Dichlorobutene,No,
Dichloroethane,No,
Dichloroethylene,Yes,
Dichloroiodomethane,No,
Dichloropentane,No,
Dichlorophenol,No,
Dichloropropane,Yes,
Dichloropropene,Yes,
Dichlorotoluene,No,
Dichlorotrifluoroethane,Yes,
Dichlorprop,No,
Dichlorvos,Yes,
Diclofop methyl,No,
Dicofol,No,
Dicrotophos,No,
Dicyclohexyl phthalate,No,
Dicyclopentadiene,No,
Dieldrin,No,
Diesel and residual range hydrocarbons,Yes,
Diesel fuel,Yes,
Diesel fuels no. 2,No,
Diesel range organics,Yes,
Diethatyl ethyl,Yes,
Diethyl disulfide,No,
Diethyl phthalate,Yes,
Diethyl sulfide,No,
Diethyl terephthalate,No,
Diethylbenzene,No,
Diethylene glycol monobutyl ether,Yes,
Diethylene glycol monobutyl ether acetate,Yes,
Diethylene glycol monoethyl ether,Yes,
Diethylene glycol monomethyl ether,Yes,
Diethylene glycol nonylphenol ether,No,
Diethylstilbestrol,Yes,
Diflufenzopyr,Yes,
Diflufenzopyr-sodium,Yes,
Diheptyl phthalate,Yes,
Dihydroabietylamine acetate,Yes,
Dihydrocholesterol,No,
Dihydrotestosterone,No,
Diisobutyl phthalate,No,
Diisobutylphenoxyethanol,Yes,
Diisooctyl phthalate,No,
Diisopropyl adipate,Yes,
Diltiazem,No,
Dimethenamid,Yes,
Dimethoate,No,
Dimethomorph,Yes,
Dimethoxane,Yes,
Dimethoxymethane,No,
Dimethyl ether,No,
Dimethyl L-malate,Yes,
Dimethyl phthalate,Yes,
Dimethyl sulfate,No,
Dimethyl sulfide,No,
Dimethyl sulfoxide,Yes,
Dimethyl terephthalate,Yes,
Dimethylacetamide,Yes,
Dimethylamine,No,
Dimethylmercury,No,
Dimethylnaphthalene,No,
Dimethylphenanthrene,Yes,
Dimethylstyrene,No,
Dimethylvinyl chloride,Yes,
Dinex,No,
Dinitrophenol,No,
Dinitrotoluene,No,
Dinoseb,Yes,
DINOTEFURAN,Yes,
Dioctyl adipate,No,
Dioxathion,No,
"Dioxin + furan mix, unspecified",Yes,
Diphenamid,No,
Diphenyl disulfide,No,
Diphenylamine,No,
Diphenylhydrazine,Yes,
Diphenylstibene 2-ethylhexanoate,Yes,
Diphenylsulfone,No,
Dipropyl sulfide,Yes,
Diquat,Yes,
Diquat dibromide,Yes,
Disruptive Pressures,No,
Dissolved gases,No,
Dissolved inorganic nitrogen/soluble reactive phosphorus ratio,No,
Dissolved oxygen uptake,No,
Distance from/to,No,
"Distillates (petroleum), hydrofined lubricating-oil",No,
Disulfoton,No,
Disulfoton sulfone,Yes,
Diuron,No,
Divinylbenzene,Yes,
Docosane,Yes,
Docosanoic acid,No,
"Docosanoic acid, methyl ester",No,
Dodecane,Yes,
Dodecyl mercaptan,Yes,
Dodecylbenzene,Yes,
Dominant Habitat Type,No,
Dotriacontane,Yes,
Doxepin,Yes,
Doxycycline,No,
"Dried blood, glyoxal-denatured",Yes,
Dry period preceding precipitation,No,
Durenol,No,
Dyphylline,No,
Dysprosium,No,
Edifenphos,No,
Eicosane,Yes,
"Elevation, aquifer top, MSL",No,
"Elevation, groundwater surface, MSL",No,
"Elevation, land surface, MSL",No,
"Elevation, MSL",No,
"Elevation, tailwater surface, MSL",No,
"Elevation, water surface, MSL",No,
Emamectin benzoate,Yes,
Embeddedness,No,
"Embeddedness, riffle (%)",No,
Endosulfan,No,
Endosulfan sulfate,No,
Endothall,No,
Endrin,No,
Endrin aldehyde,No,
Endrin ketone,No,
Enflurane,Yes,
Enrofloxacin,No,
Enterobacter,No,
Enterobacter aerogenes,No,
Enterobacter cloacae,No,
Enterococcus,No,
Epi-chlorotetracycline,No,
Epi-iso-chlorotetracycline,No,
Epi-oxytetracycline,No,
Epi-tetracycline,No,
Epichlorohydrin,No,
Epitestosterone,No,
Equilenin,Yes,
Equilin,Yes,
Erbium,No,
Erythromycin,Yes,
Erythromycin-H20,No,
Escherichia,No,
Escherichia coli,No,
Esfenvalerate,No,
Estradiol,No,
Estriol,No,
Estrone,Yes,
Ethalfluralin,No,
"Ethanamine, 2-(diphenylmethoxy)-N,N-dimethyl-",No,
Ethane,No,
"Ethane, isothiocyanato-",Yes,
Ethanol,Yes,
Ethanol-d,Yes,
"Ethanone, 1-(2,5-dichlorophenyl)-",Yes,
Ethinyl estradiol,No,
Ethion,No,
Ethofumesate,No,
Ethoprop,No,
Ethoxylated abietylamine,Yes,
Ethoxylated dehydroabietylamine,Yes,
Ethoxylated rosin acids,Yes,
Ethyl acetate,No,
Ethyl cinnamate,No,
Ethyl ether,No,
Ethyl isobutyrate,No,
Ethyl mercaptan,Yes,
Ethyl methacrylate,No,
Ethyl methanesulfonate,No,
Ethyl methyl sulfide,No,
Ethyl nicotinate-d4,No,
Ethyl oleate,No,
Ethyl tert-butyl ether,Yes,
Ethyl ziram,Yes,
Ethylan,Yes,
Ethylbenzene,No,
Ethylene,No,
Ethylene dibromide,Yes,
Ethylene glycol,No,
Ethylene glycol diethyl ether,Yes,
Ethylene glycol dinitrate,No,
Ethylene glycol monobutyl ether,Yes,
Ethylene glycol monoethyl ether acetate,Yes,
Ethylene oxide,No,
Ethylene thiourea,No,
Ethylenediamine,Yes,
Ethylenediaminetetraacetic acid,Yes,
Ethyltoluene,No,
Etridiazole,No,
Euamoebida,No,
Eucalyptol,Yes,
Eugenol,Yes,
Europium,No,
Europium-152,No,
Europium-154,No,
Europium-155,Yes,
Evaporation,No,
Famphur,No,
Farnesol,Yes,
Fast Riffle,No,
Fecal Coliform,No,
Fecal Streptococcus Group Bacteria,No,
Fenamiphos,No,
Fenarimol,No,
Fenchone,No,
Fenitrothion,Yes,
Fenoxaprop-ethyl,Yes,
Fensulfothion,No,
Fenthion,No,
Fenuron,No,
Fenvalerate,No,
Ferbam,No,
Ferric ion,Yes,
Ferrous ion,Yes,
Fertilization,No,
Filamentous Algae covering streambed (choice list),No,
"Fines < 2 mm, reach pebble count (%)",No,
"Fines < 2 mm, riffle pebble count (%)",No,
Fipronil,Yes,
FireMaster BP 6,Yes,
Fish Anomalies - Deformities,No,
Fish Anomalies - Erosions,No,
Fish Anomalies - Lesions,No,
Fish Anomalies - Multiples,No,
Fish Anomalies - Tumors,No,
Fish condition factor,No,
Fish fork length,No,
Fish kill observation,No,
"Fish Kill, Severity (choice list)",No,
Fish presence (choice list),No,
Fish standard length,No,
Fixed dissolved solids,No,
Fixed suspended solids,No,
Flash point,No,
Flavobacterium,No,
Floating algae mat - severity (choice list),No,
Floating debris - severity (choice list),No,
Floating Detergent/Soap - Severity (choice list),No,
Floating foam/suds - severity (choice list),No,
Floating Garbage Severity (choice List),No,
Floating sewage - severity (choice list),No,
Floating sludge - severity (choice list),No,
Floating solids or foam,No,
"Floating solids, unspecified mix (choice list)",No,
Flow,No,
"Flow, runoff",No,
"Flow, severity (choice list)",No,
"Flow, stream class (choice list)",No,
"Flow, stream stage (choice list)",No,
Fluazifop-P-butyl,Yes,
Fluchloralin,No,
Flucythrinate,Yes,
Flufenacet,Yes,
Flufenacet OA,No,
Fluometuron,No,
Fluoranthene,Yes,
"Fluoranthenes + pyrenes mix, unspecified",Yes,
Fluorene,Yes,
Fluorescein,Yes,
Fluorine,No,
Fluorobenzene,No,
Fluoroboric acid,No,
Fluorotrimethylsilane,Yes,
Fluoxetine hydrochloride,Yes,
Fluridone,No,
Flutolanil,Yes,
Fluvalinate,Yes,
Folpet,No,
Fonofos,Yes,
Formaldehyde,Yes,
Formetanate hydrochloride,Yes,
Formic acid,No,
Fosamine-ammonium,No,
Free mineral acidity (FMA),No,
Fuel oil no. 1,No,
Fuel oil no. 2,No,
Fungi,No,
Furan,No,
Furancarboxylic acid,No,
Furfural,No,
Furosemide,No,
Gadolinium,No,
Gage height,No,
Gallium,No,
Gas bubble severity (choice list),No,
Gasoline,Yes,
Gasoline range organics,Yes,
General observation (text),No,
General pathology (text),No,
Gentamicin,Yes,
Germanium,No,
Giardia,No,
Giardia lamblia,No,
Girth,No,
Glycine,Yes,
Glycine-7-amido-4-methylcoumarin,No,
"Glycine, N-(aminoiminomethyl)-N-methyl-",Yes,
Glycolic acid,Yes,
Glyphosate,Yes,
Gold,Yes,
Gran acid neutralizing capacity,Yes,
Gravimetric water content,Yes,
Grid count,No,
"Gross alpha radioactivity, (Americium-241 ref std)",Yes,
"Gross alpha radioactivity, (nat-Uranium ref std)",Yes,
"Gross alpha radioactivity, (Plutonium-239 ref std)",Yes,
"Gross alpha radioactivity, (Thorium-230 ref std)",No,
"Gross beta radioactivity, (Cesium-137 ref std)",No,
"Gross beta radioactivity, (Strontium-Yttrium-90 ref std)",No,
Growth,No,
Guaiacol,Yes,
Habitat rating (choice list),No,
"Habitat rating, % of ideal",No,
Habitat Type,No,
Hafnium,Yes,
Halides,Yes,
Haloacetic acids,Yes,
Halofenozide,No,
Halogen,Yes,
Halogenated organics,Yes,
Halon 1011,No,
Halosulfuron-methyl,Yes,
"Hardness, magnesium",Yes,
Hartmannella,No,
Hartmannella limax,No,
Hartmannella vermiformis,No,
HCFC-123,Yes,
HCFC-123A,No,
HCFC-21,Yes,
HCFC-22,No,
HCFC-31,No,
Height,No,
Helium,Yes,
Helleborein,Yes,
Heneicosane,Yes,
Hentriacontane,Yes,
Heptachlor,No,
Heptachlor epoxide,No,
Heptachloro-2-norbornene,Yes,
Heptachlorobiphenyl,Yes,
Heptachlorodibenzo-p-dioxin,No,
Heptachlorodibenzofuran,No,
Heptacosane,Yes,
Heptadecane,Yes,
Heptafluorobutyric acid,No,
Heptanal,Yes,
Heptane,Yes,
Heptanoic acid,Yes,
Heptanol,Yes,
Heptene,Yes,
"Herbicide mix, unspecified",Yes,
Heterotrophic bacteria,No,
Hexabromobenzene,Yes,
Hexabromodiphenyl ether,Yes,
Hexachlorobenzene,Yes,
Hexachlorobenzine,No,
Hexachlorobiphenyl,Yes,
Hexachlorobutadiene,Yes,
Hexachlorobutene,Yes,
Hexachlorocyclohexane,Yes,
Hexachlorocyclopentadiene,No,
Hexachlorodibenzo-p-dioxin,Yes,
Hexachlorodibenzofuran,No,
Hexachloroethane,No,
Hexachlorophene,No,
Hexachloropropene,No,
Hexacosane,Yes,
Hexadecane,Yes,
Hexafluoropropene,No,
Hexaldehyde,Yes,
Hexamethylbenzene,No,
Hexamethylcyclotrisiloxane,Yes,
Hexamethylphosphoramide,No,
Hexane,No,
Hexanoic acid,No,
Hexanol,No,
Hexanone,No,
Hexasulfur,Yes,
Hexatriacontane,No,
Hexazinone,No,
Hexene,No,
HFC-134a,No,
HFC-152a,Yes,
HFC-365mfc,No,
High-temperature coal tar pitch,No,
Hilsenhoff Biotic Index,No,
Holmium,No,
Horiz.Dist.Undercut Banks,No,
Hydrazine,No,
Hydrocarbons,Yes,
"Hydrocarbons, Chlorinated (Unspecified Mix)",Yes,
"Hydrocarbons, petroleum",Yes,
"Hydrocarbons, Petroleum (Unspecified Mix)",Yes,
Hydrochloric acid,No,
Hydrochlorothiazide,No,
Hydrocinnamic acid,Yes,
Hydrocortisone,Yes,
Hydrogen,No,
Hydrogen cyanide,No,
Hydrogen peroxide,No,
Hydrogen sulfide,No,
Hydrograph limb (choice list),No,
Hydroquinone,No,
Hydroxide,Yes,
"Ice cover, floating or solid - severity (choice list)",No,
Ice thickness,No,
Imazalil,Yes,
Imazamethabenz acid,No,
Imazamethabenz-methyl,No,
Imazamox,Yes,
Imazapic,Yes,
Imazapyr,No,
Imazaquin,No,
Imazethapyr,No,
Imidacloprid,No,
Imipenem,Yes,
Imipramine,Yes,
Indan,Yes,
Indene,No,
"Indeno[1,2,3-cd]pyrene",Yes,
Indium,Yes,
Indole,No,
Inert gases,No,
Inorganic monomeric aluminum,Yes,
"Instream feature, stream substrate (choice list)",No,
Iodide,No,
Iodine,No,
Iodine-129,Yes,
Iodine-131,No,
Ionic strength,Yes,
Ioxynil,No,
Iprodione,No,
Iridium,No,
Iron + aluminum mix,Yes,
Iron + manganese mix,Yes,
Iron sulfide (FeS),No,
Iron-59,No,
Isazofos,Yes,
Iso-chlorotetracycline,No,
Isobenzan,No,
Isoborneol,Yes,
Isobutane,Yes,
Isobutanol,Yes,
Isobutene,No,
Isobutyl acetate,No,
Isobutyl benzoate,Yes,
Isobutyraldehyde,No,
Isodrin,No,
Isoeugenol,Yes,
Isofenphos,No,
Isophorone,No,
Isoprene,No,
Isopropalin,No,
Isopropanol,Yes,
Isopropenyl acetate,No,
Isopropyl acetate,Yes,
Isopropyl ether,No,
Isopropyl myristate,Yes,
Isopropyl palmitate,Yes,
Isopropyl stearate,Yes,
Isoquinoline,No,
Isosafrole,No,
Isothiocyanate,No,
Isovaleraldehyde,Yes,
Isoxaflutole,No,
Kerosene,No,
Kick Depth,No,
Kick Time,No,
Klebsiella,No,
Kojic acid,No,
Kresoxim-methyl,Yes,
L-alanine (corrected for carbon content),No,
L-Alanine-7-amido-4-methylcoumarin,No,
L-arginine aminopeptidase (corrected for carbon content),No,
L-Arginine-7-amido-4-methylcoumarin,No,
L-glycine aminopeptidase (corrected for carbon content),No,
L-Leucine 7-amido-4-methylcoumarin,No,
L-leucine aminopeptidase (corrected for carbon content),No,
L-Proline,Yes,
Lactic Acid,No,
Lake condition (choice list),No,
Lake physical appearance (choice list),No,
Lake recreational suitability (choice list),No,
Lake suitability for recreation (choice list),No,
Land form (choice list),No,
"Land form, Left (choice list)",No,
"Land Form, Right (choice list)",No,
Langelier Saturation Index,No,
Lanthanum,No,
Lanthanum-140,Yes,
Larkspur alkaloid,Yes,
Lauric acid,No,
Lead monoxide,No,
Lead-210,No,
Lead-212,No,
Lead-214,No,
Lead(II) chromate,No,
Length,No,
"Length, total",No,
"Length, Total (Fish)",No,
Leptophos,Yes,
Life stage (choice list),No,
Light attenuation at measurement depth,No,
Light attenuation coefficient,No,
"Light attenuation, depth at 10%",No,
"Light attenuation, depth at 50%",No,
"Light attenuation, depth at 99%",No,
"Light, (PAR at depth/PAR at surface) x 100",No,
"Light, incident",No,
"Light, incident + reflected (ambient)",No,
"Light, photosynthetic active radiation (PAR)",No,
"Light, photosynthetic active radiation at depth (PAR)",No,
"Light, reflected",No,
"Light, transmissivity",No,
"Light, underwater extinction coefficient (K)",No,
"Light, underwater incident",No,
"Light, underwater incident + reflected",No,
"Light, underwater reflected",No,
Lignin,Yes,
Lignosulfonic acid,No,
"Lime (chemical), dolomitic",No,
Limonene,Yes,
Lincomycin,Yes,
Lindane,Yes,
Linoleic acid,No,
Linuron,No,
Lipids,No,
Lithium-6,Yes,
Lithium-7,Yes,
Lithium-7/Lithium-6 ratio,Yes,
Lloyd - Zar - Karr Species Diversity Index,No,
Lomefloxacin,No,
Longitudinal Distribution (choice list),No,
Lorazepam,Yes,
Lutetium,Yes,
m-Chloroaniline,Yes,
m-Chlorofluorobenzene,Yes,
m-Chloronitrobenzene,Yes,
m-Chlorophenol,Yes,
m-Chlorotoluene,Yes,
m-Cresol,Yes,
m-Cymene,Yes,
m-Dichlorobenzene,Yes,
M-Diethylbenzene,No,
m-Dinitrobenzene,Yes,
m-Ethyltoluene,Yes,
m-Hydroxybenzoic acid,Yes,
m-Nitroaniline,Yes,
m-Nitrotoluene,Yes,
m-Terphenyl,No,
m-Xylene,Yes,
"m,p-Xylene",No,
Macroinvertebrates,No,
Macrophytes covering streambed (emergent and submerged) (choice list),No,
Magnetite (Fe3O4),No,
Malaoxon,Yes,
Malathion,No,
Maleic anhydride,Yes,
Mancozeb,No,
Maneb,No,
Manganese dimethyldithiocarbamate,No,
Manganese-54,No,
Maple lactone,Yes,
Margalef Taxonomic Diversity Index,No,
Max Pool Width,No,
MBAS,Yes,
MCPA,Yes,
MCPB,Yes,
Measured reach length,No,
Mecoprop,Yes,
Medroxyprogesterone,Yes,
Megestrol acetate,Yes,
Menadione,Yes,
Meropenem,Yes,
Merphos,No,
Mesityl oxide,Yes,
Mesosulfuron-methyl,Yes,
Mesotrione,No,
Mestranol,Yes,
meta & para Xylene mix,Yes,
Metalaxyl,No,
Metalaxyl-M,Yes,
Metaldehyde,Yes,
Methacrylic acid,No,
Methacrylonitrile,No,
Methamidophos,No,
Methane,No,
Methanol,Yes,
"Methanone, bis(4-chlorophenyl)-",Yes,
Methapyrilene,No,
Methidathion,No,
Methiocarb,No,
Methomyl,No,
Methoxychlor,No,
Methoxyfenozide,Yes,
Methyl acetate,No,
Methyl Acrylate,No,
Methyl arachidate,No,
Methyl benzoate,No,
Methyl bromide,No,
Methyl cyclohexanecarboxylate,Yes,
Methyl decanoate,No,
Methyl dehydroabietate,Yes,
Methyl disulfide,No,
Methyl ethyl ketone,No,
Methyl ethyl ketone peroxide,No,
Methyl heptadecanoate,No,
Methyl heptanoate,No,
Methyl heptenone,No,
Methyl hexanoate,Yes,
Methyl hydrazine,No,
Methyl iodide,No,
Methyl isobutyl ketone,No,
Methyl isopropyl ketone,No,
Methyl isothiocyanate,No,
Methyl laurate,No,
Methyl linoleate,No,
Methyl m-chlorobenzoate,No,
Methyl mercaptan,Yes,
Methyl methacrylate,No,
Methyl methanesulfonate,No,
Methyl myristate,No,
Methyl nonyl ketone,Yes,
Methyl o-benzoylbenzoate,Yes,
Methyl octanoate,No,
Methyl oleate,Yes,
Methyl palmitate,No,
Methyl paraoxon,Yes,
Methyl parathion,Yes,
Methyl propyl disulfide,No,
Methyl salicylate,Yes,
Methyl stearate,No,
Methyl tert-butyl ether,Yes,
Methyl toluate,No,
Methyl trans-crotonate,Yes,
Methyl tridecanoate,No,
Methylamine,No,
Methylanthracene,Yes,
Methylarsonic acid,Yes,
Methylbiphenyl,No,
Methylchrysene,Yes,
Methylcyclohexane,No,
Methylcyclohexane-d14,Yes,
Methylcyclohexanol,Yes,
Methylcyclopentane,No,
Methyldibenzothiophene,Yes,
Methylene chloride,Yes,
Methylene dithiocyanate,No,
Methylfluorene,Yes,
Methylindan,Yes,
Methylindene,No,
Methylnaphthalene,No,
Methylparaben,No,
Methylphenanthrene,Yes,
Methylpyridine,No,
Metiram,No,
Metolachlor,No,
Metribuzin,No,
Metsulfuron,Yes,
Metsulfuron-methyl,No,
Mevinphos,Yes,
Mexacarbate,No,
Mica group minerals,No,
Microcystin,No,
Microcystin LR,Yes,
Mine discharge,No,
Minocycline,Yes,
MIOX micaceous iron oxide,Yes,
Mirex,No,
Moisture content,No,
Molinate,Yes,
Molybdenum-99,Yes,
Monensin,No,
Monochlorobiphenyl,No,
Monocrotophos,No,
Monuron,No,
Mortality,No,
Motor oil,Yes,
Moxifloxacin,Yes,
Musk moskine,Yes,
Myclobutanil,Yes,
Mycobacterium,No,
Myristic acid,Yes,
N-2-Ethylhexylbicycloheptenedicarboximide,Yes,
n-Amyl acetate,Yes,
n-Butyl acetate,No,
n-Butyl lactate,Yes,
N-Butylacetanilide,Yes,
n-Butylbenzene,No,
N-Methyl-2-pyrrolidone,No,
N-Nitroso-N-ethylurea,No,
N-Nitroso-N-methylurea,No,
N-Nitrosodi-n-butylamine,Yes,
N-Nitrosodi-n-propylamine,Yes,
N-Nitrosodiethylamine,Yes,
N-Nitrosodimethylamine,Yes,
N-Nitrosodiphenylamine,No,
N-Nitrosomethylethylamine,Yes,
N-Nitrosomorpholine,Yes,
N-Nitrosonornicotine,Yes,
N-Nitrosopiperidine,Yes,
N-Nitrosopyrrolidine,Yes,
n-Propylbenzene,Yes,
"N,N-Diethyl-m-toluamide",Yes,
"N,N-Diethylaniline",Yes,
"N,N-Dimethylformamide",No,
"N,N-Dimethylstearamide",Yes,
Nabam,No,
Naegleria,No,
Naled,No,
Nalidixic acid,Yes,
Naphtha,No,
Naphthalene,Yes,
Naphthalene (C1-C4),Yes,
Naphthol,No,
Napropamide,No,
Neburon,No,
Neodymium,No,
Neomycin,Yes,
Neomycin sulfate,Yes,
Neosaxitoxin,No,
Neptunium-237,No,
Neutrals,No,
Nickel-63,Yes,
Nicosulfuron,Yes,
Nicotinamide,No,
Nicotine,Yes,
Nicotinic acid,No,
Nifedipine,No,
Niobium,No,
Niobium-94,Yes,
Niobium-95,No,
Nitrilotriacetic acid,No,
Nitrobenzene,Yes,
Nitrobenzene-D5,No,
Nitrocyclohexane,Yes,
Nitrofen,No,
Nitrofurantoin,Yes,
Nitrogen dioxide,No,
Nitrogen ion,No,
Nitrogen plus argon,Yes,
Nitrogen-15,Yes,
Nitrogen-15/14 ratio,No,
"Nitrogen, ammonium/ammonia ratio",No,
"Nitrogen, mixed forms (NH3), (NH4), organic, (NO2) and (NO3)",Yes,
Nitrogenous biochemical oxygen demand,No,
Nitroglycerin,No,
Nitrophenol,Yes,
Nitrosamine,Yes,
Nitrous oxide,Yes,
Nodularin,No,
Non-lipid organic matter,Yes,
Non-plankton algae severity (choice list),No,
Nonachlor,No,
Nonachlorobiphenyl,No,
Nonacosane,Yes,
Nonadecane,Yes,
Nonane,No,
Nonanoic acid,Yes,
"Nonanoic acid, heptadecafluoro-",No,
Nonene,No,
Nonmethane organic compounds,No,
Nonylphenol,No,
Nonylphenol diethoxylate,No,
Nordoxepin,Yes,
Norethisterone,Yes,
Norethynodrel,Yes,
Norfloxacin,No,
Norflurazon,No,
Norgestrel,No,
North Carolina Biotic Index,No,
Nortriptyline,Yes,
Nutrient-nitrogen,Yes,
"O-(2,4-Dichlorophenyl) O-methyl isopropylphosphoramidothioate",Yes,
o-Chloroaniline,Yes,
o-Chloronitrobenzene,No,
o-Chlorophenol,Yes,
o-Chlorotoluene,Yes,
o-Cresol,Yes,
o-Cymene,Yes,
o-Dichlorobenzene,No,
O-Dinitrobenzene,No,
O-Ethyl O-(p-nitrophenyl) phenylphosphonothioate,Yes,
o-Ethyltoluene,Yes,
o-Fluorophenatole,Yes,
o-Fluorophenol,Yes,
o-Nitroaniline,Yes,
o-Nitroanisole,Yes,
o-Nitrophenol,Yes,
o-Nitrotoluene,Yes,
o-Terphenyl,Yes,
o-Toluidine,Yes,
o-Toluidine hydrochloride,Yes,
o-Vinyltoluene,Yes,
o-Xylene,Yes,
"O,O-Diethyl dithiophosphate",No,
"O,O-Dimethyl dithiophosphate",No,
"O,O,O-Triethyl phosphorothioate",Yes,
"o,p'-DDD",Yes,
"o,p'-DDE",Yes,
"o,p'-DDT",Yes,
"o,p'-Methoxychlor",Yes,
Octachlorobiphenyl,No,
Octachlorocyclopentene,No,
Octachloronaphthalene,No,
Octachlorostyrene,No,
Octacosane,Yes,
Octadecane,Yes,
"Octadecane, 1-chloro-",Yes,
Octadecenoic acid,No,
Octamethylcyclotetrasiloxane,No,
Octane,Yes,
Octanoic acid,No,
Octasulfur,Yes,
Octyl decyl phthalate,Yes,
Octyl diphenyl phosphate,No,
Octylphenol diethoxylate,No,
Octylphenol monoethoxylate,No,
Odor severity (choice list),No,
Odor threshold number,No,
Ofloxacin,Yes,
Oil and Grease,Yes,
"Oil and Grease, surface slick/sheen - severity (choice list)",No,
Oil Range Organics,Yes,
Oleamide,Yes,
Oleandomycin phosphate,Yes,
Oleic acid,No,
Omethoate,No,
Organic anions,Yes,
Organic Nitrogen,No,
"Organics mix, unspecified",Yes,
"Organics semivolatile mix, unspecified",Yes,
"Organics volatile mix, unspecified",Yes,
Ormetoprim,No,
ortho & para Xylene mix,Yes,
Oryzalin,No,
Osmium,No,
Osmotic pressure,No,
Overhead Cover,No,
Oxadiazon,Yes,
Oxamyl,Yes,
Oxazepam,No,
Oxetane,No,
Oxychlordane,Yes,
Oxydisulfoton,No,
Oxyfluorfen,No,
Oxygen,Yes,
Oxygen 18/oxygen 16 ratio in sulfate,Yes,
"Oxygen uptake, day",Yes,
"Oxygen uptake, night",Yes,
Oxygen-18,Yes,
Oxygen-18/Oxygen-16 ratio,Yes,
Oxytetracycline,Yes,
Oxytetracycline calcium,Yes,
Oxytetracycline hydrochloride,Yes,
Ozone,Yes,
"p-(1,1,3,3-Tetramethylbutyl)phenol",Yes,
P-Aminohippuric acid,Yes,
p-Bromofluorobenzene,Yes,
p-Bromophenyl phenyl ether,Yes,
p-Chloro-m-cresol,No,
p-Chloroaniline,Yes,
p-Chlorobenzotrifluoride,Yes,
P-Chlorophenol,No,
p-Chlorophenyl methyl sulfide,Yes,
p-Chlorophenyl phenyl ether,No,
p-Chlorophenylacetic acid,Yes,
p-Chlorotoluene,Yes,
p-Cresol,Yes,
p-Cumylphenol,Yes,
p-Cymene,Yes,
p-Dichlorobenzene,Yes,
P-Diethylbenzene,No,
p-Dinitrobenzene,No,
p-Ethylacetophenone,Yes,
p-Ethyltoluene,Yes,
p-Hydroxybenzoic acid,Yes,
p-Hydroxycinnamic acid,Yes,
p-Isopropenylacetophenone,Yes,
p-Methoxyphenol,Yes,
p-Nitroaniline,Yes,
p-Nitroanisole,Yes,
p-Nitrophenol,No,
p-Nitrotoluene,Yes,
p-Nonylphenol,Yes,
p-Octylphenol,Yes,
p-Phenylenediamine,Yes,
p-Quaterphenyl,Yes,
p-Terphenyl,Yes,
p-tert-Butylbenzoic acid,Yes,
p-tert-Butylphenol,Yes,
p-Toluidine,Yes,
p-Xylene,Yes,
"p,p'-DDD",Yes,
"p,p'-DDE",Yes,
"p,p'-DDT",Yes,
Paclobutrazol,No,
Palladium,No,
Palmitic acid,No,
Palmitonitrile,No,
Paraffin oils,Yes,
Paraldehyde,No,
Paraoxon,No,
Paraquat,No,
Parathion,Yes,
Paroxetine,Yes,
Partial pressure of dissolved gases,No,
Particle distribution,No,
Particle size,No,
Particle size (size/range in result Particle Size Basis),No,
"Particle size, Sieve No. 04, 4 mesh, (4.75mm)",No,
"Particle size, Sieve No. 05, 5 mesh, (4.00mm)",No,
"Particle size, Sieve No. 06, 6 mesh, (3.35mm)",No,
"Particle size, Sieve No. 07, 7 mesh, (2.80mm)",No,
"Particle size, Sieve No. 08, 8 mesh, (2.36mm)",No,
"Particle size, Sieve No. 10, 9 mesh, (2.00mm)",No,
"Particle size, Sieve No. 100, 100 mesh, (0.150mm)",No,
"Particle size, Sieve No. 12, 10 mesh, (1.70mm)",No,
"Particle size, Sieve No. 120, 115 mesh, (0.125mm)",No,
"Particle size, Sieve No. 14, 12 mesh, (1.40mm)",No,
"Particle size, Sieve No. 140, 150 mesh, (0.106mm)",No,
"Particle size, Sieve No. 16, 14 mesh, (1.18mm)",No,
"Particle size, Sieve No. 170, 170 mesh, (0.090mm)",No,
"Particle size, Sieve No. 18, 16 mesh, (1.00mm)",No,
"Particle size, Sieve No. 20, 20 mesh, (0.850mm)",No,
"Particle size, Sieve No. 200, 200 mesh, (0.075mm)",No,
"Particle size, Sieve No. 230, 250 mesh, (0.063mm)",No,
"Particle size, Sieve No. 25, 24 mesh, (0.710mm)",No,
"Particle size, Sieve No. 270, 270 mesh, (0.053mm)",No,
"Particle size, Sieve No. 30, 28 mesh, (0.600mm)",No,
"Particle size, Sieve No. 325, 325 mesh, (0.045mm)",No,
"Particle Size, Sieve NO. 35, 32 Mesh, (0.425mm)",No,
"Particle size, Sieve No. 40, 35 mesh, (0.425mm)",No,
"Particle size, Sieve No. 400, 400 mesh, (0.038mm)",No,
"Particle size, Sieve No. 45, 42 mesh, (0.355mm)",No,
"Particle size, Sieve No. 450, 450 mesh, (0.032mm)",No,
"Particle size, Sieve No. 50, 48 mesh, (0.300mm)",No,
"Particle size, Sieve No. 500, 500 mesh, (0.025mm)",No,
"Particle size, Sieve No. 60, 60 mesh, (0.250mm)",No,
"Particle size, Sieve No. 70, 65 mesh, (0.212mm)",No,
"Particle size, Sieve No. 80, 80 mesh, (0.180mm)",No,
Particulate Matter - Pm10,No,
Particulate Matter - Pm2.5,No,
PCB-105/132/153,Yes,
PCB-106/118,Yes,
PCB-107/109,Yes,
PCB-107/124,Yes,
PCB-107+PCB-124,No,
PCB-108/112,Yes,
PCB-110/115,Yes,
PCB-110+PCB-115,No,
PCB-111/115,Yes,
PCB-12/13,Yes,
PCB-12+PCB-13,No,
PCB-123/149,Yes,
PCB-123/153,Yes,
PCB-128/162,Yes,
PCB-128/166,Yes,
PCB-128+PCB-166,No,
PCB-129/138/160/163,Yes,
PCB-129/138/163,No,
PCB-129+PCB-138+PCB-160+PCB-163,No,
PCB-132/153,Yes,
PCB-132/161,Yes,
PCB-133/142,Yes,
PCB-134/143,Yes,
PCB-134+PCB-143,No,
PCB-135/144,Yes,
PCB-135/151,No,
PCB-135/151/154,Yes,
PCB-135+PCB-151+PCB-154,No,
PCB-137/176,Yes,
PCB-138/160,Yes,
PCB-138/163,Yes,
PCB-138/163/164,Yes,
PCB-139/140,Yes,
PCB-139/149,Yes,
PCB-139+PCB-140,No,
PCB-141/179,Yes,
PCB-146/165,Yes,
PCB-147/149,Yes,
PCB-147+PCB-149,No,
PCB-15/17,Yes,
PCB-153/168,Yes,
PCB-153/173/201,Yes,
PCB-153+PCB-168,No,
PCB-156/157,Yes,
PCB-156+PCB-157,No,
PCB-158/160,Yes,
PCB-16/32,Yes,
PCB-17/18,Yes,
PCB-170/190,Yes,
PCB-171/173,Yes,
PCB-171/202,Yes,
PCB-171+PCB-173,No,
PCB-172/197,Yes,
PCB-18/30,Yes,
PCB-18+PCB-30,No,
PCB-180/193,Yes,
PCB-180+PCB-193,No,
PCB-182/187,Yes,
PCB-183/185,Yes,
PCB-183+PCB-185,No,
PCB-195/208,Yes,
PCB-196/203,Yes,
PCB-197/200,Yes,
PCB-197+PCB-200,No,
PCB-198/199,Yes,
PCB-198+PCB-199,No,
PCB-20/28,Yes,
PCB-20/33,Yes,
PCB-20+PCB-28,No,
PCB-21/33,Yes,
PCB-21+PCB-33,No,
PCB-22/51,Yes,
PCB-24/27,Yes,
PCB-26/29,Yes,
PCB-26+PCB-29,No,
PCB-28/31,Yes,
PCB-37/42,Yes,
PCB-37/42/59,Yes,
PCB-4/10,Yes,
PCB-40/41/71,Yes,
PCB-40/71,Yes,
PCB-40+PCB-41+PCB-71,No,
PCB-41/64,Yes,
PCB-41/64/71,Yes,
PCB-41/64/71/72,Yes,
PCB-41/64/72,No,
PCB-42/59,Yes,
PCB-43/49,Yes,
PCB-44/47/65,Yes,
PCB-44+PCB-47+PCB-65,No,
PCB-45/51,Yes,
PCB-45+PCB-51,No,
PCB-47/48,Yes,
PCB-47/75,Yes,
PCB-48/75,Yes,
PCB-49/69,Yes,
PCB-49+PCB-69,No,
PCB-5/8,Yes,
PCB-50/53,Yes,
PCB-50+PCB-53,No,
PCB-52/69,Yes,
PCB-55/91,Yes,
PCB-56/60,Yes,
PCB-59/62/75,Yes,
PCB-59+PCB-62+PCB-75,No,
PCB-61/70/74/76,Yes,
PCB-61/74,Yes,
PCB-61+PCB-70+PCB-74+PCB-76,No,
PCB-66/76,Yes,
PCB-66/95,Yes,
PCB-7/9,Yes,
PCB-70/76,Yes,
PCB-77/110,Yes,
PCB-80/95,Yes,
PCB-83/99,Yes,
PCB-83+PCB-99,No,
PCB-84/92,Yes,
PCB-85/116/117,Yes,
PCB-85+PCB-116+PCB-117,No,
PCB-86/87/97/108/119/125,Yes,
PCB-86+PCB-87+PCB-97+PCB-108+PCB-119+PCB-125,No,
PCB-87/115,Yes,
PCB-87/117/125,Yes,
PCB-88/91,Yes,
PCB-88+PCB-91,No,
PCB-90/101,Yes,
PCB-90/101/113,Yes,
PCB-90+PCB-101+PCB-113,No,
PCB-93/100,Yes,
PCB-93/95/98/100/102,Yes,
PCB-93/98/100/102,No,
PCB-93+PCB-95+PCB-98+PCB-100+PCB-102,No,
PCB-95/98/102,Yes,
PCB-98/102,Yes,
PCB-aroclor 1242/1248/1254,Yes,
Pebulate,No,
Pendimethalin,Yes,
Penicillin G sodium,Yes,
Pentabromodiphenyl ether,Yes,
"Pentachloro-1,3-butadiene",No,
Pentachloroanisole,Yes,
Pentachlorobenzene,No,
Pentachlorobiphenyl,No,
Pentachlorodibenzo-p-dioxin,No,
Pentachlorodibenzofuran,No,
Pentachloroethane,No,
Pentachloronaphthalene,No,
Pentachloronitrobenzene,Yes,
Pentachlorophenol,Yes,
Pentachlorophenol dehydroabietylamine salt,Yes,
Pentacosane,Yes,
Pentadecane,Yes,
Pentadecanoic acid,Yes,
"Pentadecanoic acid, methyl ester",No,
Pentadecylbenzene,Yes,
Pentafluorobenzene,Yes,
Pentafluorophenol,Yes,
Pentanal,Yes,
Pentane,No,
Pentene,No,
Perchlorate,Yes,
Perchloric acid,Yes,
Perfluorobutanesulfonate,No,
Perfluorobutanoate,No,
Perfluorodecanoate (Perfluorodecanoate***retired***use Perfluorodecanoic acid),No,
Perfluorodecanoic acid,No,
Perfluorododecanoate,No,
Perfluoroheptanoate (Perfluoroheptanoate***retired***use Perfluoroheptanoic acid),No,
Perfluorohexane,No,
Perfluorohexanesulfonate,No,
Perfluorohexanoate (Perfluorohexanoate***retired*** use Perfluorohexanoic acid),No,
Perfluorolauric acid,No,
Perfluoromyristic acid,No,
Perfluorononanoate,No,
Perfluorooctane sulfonic acid,No,
Perfluorooctanesulfonamide,No,
Perfluorooctanesulfonate,No,
Perfluorooctanoate,No,
Perfluorooctanoic acid,No,
Perfluoropentanoate Perfluoropentanoate***retired*** use Perfluorovaleric acid),No,
Perfluorotridecanoic acid,No,
Perfluoroundecanoate,No,
Periphyton,No,
Periphyton biovolume,No,
Periphyton productivity,No,
"Periphyton, substrate rock/bank encrustation (choice list)",No,
Permethrin,No,
Perylene,Yes,
Perylene-d12,Yes,
"Pesticide mix, unspecified",Yes,
Petroleum phenols,Yes,
Petroleum spirits,Yes,
Pfiesteria,No,
Pfiesteria piscicida,No,
pH Saturated Paste,No,
Phenacetin,No,
Phenanthrene,Yes,
"Phenanthrene + anthracene(C1-C4) mix, unspecified",Yes,
Phenanthridine,No,
Phenkapton,No,
Phenol,Yes,
Phenol dehydroabietylamine salt,Yes,
Phenol-d5,No,
Phenol-D6,No,
"Phenol, 2-(methylthio)-",Yes,
"Phenol, 2-Chloro-5-Methyl-",No,
"Phenol, 2,6-dibromo-",Yes,
"Phenol, 4-chloro-2-methoxy-",Yes,
"Phenol, 4,5-dichloro-2-methoxy-",Yes,
Phenols,No,
Phenothrin,No,
Phenyl ether,No,
Phenyl isocyanate,No,
Phenylacetaldehyde,No,
Phenylacetic acid,Yes,
Phenylpropanolamine,No,
Phenytoin,Yes,
Pheophytin a,Yes,
Pheophytin ratio,Yes,
Pheophytin/Chlorophyll ratio,No,
Phorate,Yes,
Phorate sulfone,Yes,
Phosalone,No,
Phosmet,No,
Phosmetoxon,No,
Phosphamidon,No,
phosphatase (corrected for carbon content),No,
Phosphate-phosphorus,No,
Phosphated pesticides,Yes,
"Phosphoric acid, diethyl ester",No,
Phosphorus-32,No,
"Phosphorus, Particulate Organic",Yes,
Photomirex,No,
Phthalic acid,No,
Phthalic anhydride,No,
Phthalide,Yes,
Phytane,Yes,
Phytoactin,Yes,
Phytoplankton,No,
Phytoplankton biovolume,No,
Phytoplankton productivity,No,
"Phytoplankton, settling volume",No,
Picloram,Yes,
Picloram triethylamine salt,Yes,
Picloram triisopropanolamine salt,Yes,
Picloram-isooctyl,Yes,
Picloram-potassium,Yes,
Picric acid,No,
Picrotoxin,Yes,
Pinacolone,No,
Piperonyl butoxide,Yes,
Plankton,No,
Platinum,No,
Plutonium,Yes,
Plutonium-238,No,
Plutonium-239,No,
"Plutonium-239/240 mix, unspecified",Yes,
Polonium-210,No,
Polybrominated biphenyls,Yes,
Polychlorinated biphenyls,Yes,
Polychlorinated terphenyls,No,
Polycyclic aromatic hydrocarbons,Yes,
Polycyclic aromatic hydrocarbons as benzo[a]pyrene TEQ,No,
"Polycyclic aromatic hydrocarbons, high molecular weight",No,
"Polycyclic aromatic hydrocarbons, low molecular weight",No,
Polyethylene,Yes,
Polyethylene glycol mono-tert-butylphenyl ether,Yes,
Polymyxin,Yes,
Polyphosphate,No,
Polypropylene,Yes,
Pool Count,No,
Pool Length,No,
Pool Substrate,No,
"Population diversity, fish, # of species",No,
"Population diversity, macroinvertebrates, # of species",No,
"Population diversity, phytoplankton, # of species",No,
"Population diversity, zooplankton, # of species",No,
Potassium bisulfate,Yes,
Potassium bitartrate,Yes,
Potassium glycolate,Yes,
Potassium permanganate,Yes,
Potassium sulfate,Yes,
Potassium-40,No,
Power plant load,No,
Power plant production,No,
Praseodymium,No,
Precipitation,No,
Precipitation 24hr prior to monitoring event (choice list),No,
Precipitation 24hr prior to monitoring event amount,No,
Precipitation 48hr prior to monitoring event (choice list),No,
Precipitation 48hr prior to monitoring event amount,No,
Precipitation during activity (choice list),No,
Precipitation event duration,No,
"Precipitation, time since event",No,
Prednisolone,No,
Prednisone,Yes,
"Pregna-1,4-diene-3,20-dione, 11,17,21-trihydroxy-6-methyl-, (6.alpha.,11.beta.)-",Yes,
Primary productivity,No,
Primary/ Secondary surrounding landuse (choice list),No,
Pristane,Yes,
"Productivity, photosynthetic rate, carbon production",No,
Profenofos,Yes,
Profluralin,No,
Progesterone,Yes,
Promethazine,No,
Prometon,No,
Prometryn,No,
Pronamide,No,
Propachlor,No,
Propachlor ESA,No,
Propachlor OA,No,
Propane,No,
Propanenitrile,Yes,
Propanil,No,
"Propanoic Acid, 2-Oxo-",No,
Propargite,No,
Propargyl alcohol,No,
Propazine,No,
Propetamphos,Yes,
Propham,No,
Propiconazole,Yes,
Propionaldehyde,No,
Propionic acid,Yes,
Propoxur,No,
Propoxyphene,Yes,
Propyl acetate,Yes,
Propyl ether,Yes,
Propylamine,Yes,
Propylene,No,
Propylene glycol,Yes,
Propylene glycol allyl ether,Yes,
Propylene oxide,No,
Propylthiouracil,Yes,
Protactinium-231,No,
Protactinium-233,No,
Protactinium-234,No,
Prothiofos,Yes,
Protriptyline,Yes,
Pseudomonas,No,
Pseudomonas cepacia type Wisconsin,Yes,
Pseudomonas fluorescens,No,
"Pseudomonas fluorescens 112-12, (MON 11740)",Yes,
"Pseudomonas fluorescens 112-12, (MON 11750)",Yes,
"Pseudomonas fluorescens 112-12, (MON 11760)",Yes,
Pseudomonas fluorescens NCIB 12089,Yes,
"Pseudomonas fluorescens PS 3732-3-7, (MON 11710)",Yes,
"Pseudomonas fluorescens PS 3732-3-7, (MON 11720)",Yes,
"Pseudomonas fluorescens PS 3732-3-7, (MON 11730)",Yes,
Pseudomonas syringae 742RS,Yes,
Pump efficiency,No,
Pump pressure head,No,
Pumping rate,No,
Pymetrozine,Yes,
Pyraflufen-ethyl,Yes,
"Pyrazine, 2-methoxy-5-methyl-",Yes,
Pyrazon,Yes,
Pyrene,Yes,
Pyrene-d10,No,
Pyrethrins,No,
Pyridine,No,
Pyriproxyfen,No,
Pyrite,Yes,
Pyrogallol,Yes,
Quinoline,No,
Quinone,No,
"Radioactivity, gross",Yes,
Radium,No,
Radium-223,No,
Radium-224,No,
Radium-226,No,
Radium-226/228,Yes,
Radium-228,No,
Radon-222,No,
Rank Sum,No,
"RBP Bank Stability, Left (choice list)",No,
"RBP Bank Stability, Right (choice list)",No,
"RBP Bank Vegetative Protection, Left (choice list)",No,
"RBP Bank Vegetative Protection, Right (choice list)",No,
"RBP Bank Vegetative Stability, Left (choice list)",No,
"RBP Bank Vegetative Stability, Right (choice list)",No,
RBP Bottom Substrate (choice list),No,
RBP Canopy Cover (choice list),No,
RBP Channel Alteration (choice list),No,
RBP Channel Flow Status (choice list),No,
RBP Channel Sinuosity (choice list),No,
RBP Channelized Y/N (choice list),No,
RBP Embeddedness (choice list),No,
RBP Epifaunal Substrate (choice list),No,
RBP Frequency of Riffles (choice list),No,
RBP High water mark,No,
RBP Instream Cover (choice list),No,
RBP Local Watershed Erosion (choice list),No,
RBP Local Watershed NPS Pollution (choice list),No,
RBP Pool Substrate (choice list),No,
RBP Pool Variability (choice list),No,
RBP Predominant Surrounding Land Use (choice list),No,
RBP Sediment Deposition (choice list),No,
RBP Sediment Odors (choice list),No,
RBP Sediment Oils (choice list),No,
RBP Stream depth - pool,No,
RBP Stream Depth - Riffle,No,
RBP Stream Depth - Run,No,
RBP Stream Type (choice list),No,
RBP Stream Velocity,No,
RBP Stream width,No,
RBP Substrate - Bedrock,No,
RBP Substrate - Boulders >256 mm,No,
RBP Substrate - Cobbles 64-256 mm,No,
RBP Substrate - Detritus - Coarse Particulate,No,
RBP Substrate - Gravel 2-64 mm,No,
"RBP Substrate - Marl - Gray, Shell Fragments",No,
RBP Substrate - Muck/Mud - Very Fine Particles,No,
RBP Substrate - Sand 0.06-2.0 mm,No,
RBP Substrate - Silt 0.004-0.06 mm,No,
RBP Turbidity Code (choice list),No,
RBP Undersides of Loose Stones Black Y/N (choice list),No,
RBP Water Odors (choice list),No,
RBP Water Surface Oils (choice list),No,
"RBP2, Aquatic Vegetation, Dominant Type & Species (choice list)",No,
"RBP2, Aquatic vegetation, portion of reach with AV (%)",No,
"RBP2, Habitat type, bedrock (%)",No,
"RBP2, Habitat type, canopy (%)",No,
"RBP2, Habitat type, general comments",No,
"RBP2, Habitat type, gravel-cobble (%)",No,
"RBP2, Habitat type, large woody debris (%)",No,
"RBP2, Habitat type, other (%)",Yes,
"RBP2, Habitat type, plants, roots (%)",No,
"RBP2, Habitat type, pools (%)",No,
"RBP2, Habitat type, riffle (%)",No,
"RBP2, Habitat type, run (%)",No,
"RBP2, Habitat type, sand (%)",No,
"RBP2, Habitat type, sand-silt-mud-muck (%)",No,
"RBP2, Habitat type, small woody debris (%)",No,
"RBP2, Habitat type, snags (%)",No,
"RBP2, Habitat type, submerged macrophytes (%)",No,
"RBP2, Habitat type, vegetated banks (%)",No,
"RBP2, High G, Bank Stability, Left Bank (choice list)",No,
"RBP2, High G, Bank Stability, Right Bank (choice list)",No,
"RBP2, High G, Channel Alteration (choice list)",No,
"RBP2, High G, Channel Flow Status (choice list)",No,
"RBP2, High G, Embeddedness (choice list)",No,
"RBP2, High G, Epifaunal Substrate/Available Cover (choice list)",No,
"RBP2, High G, Frequency of Riffles (or bends) (choice list)",No,
"RBP2, High G, habitat assessment total score",No,
"RBP2, High G, Riparian Vegetative Zone Width, Left Bank (choice list)",No,
"RBP2, High G, Riparian Vegetative Zone Width, Right Bank (choice list)",No,
"RBP2, High G, Sediment Deposition (choice list)",No,
"RBP2, High G, Vegetative Protection, Left Bank (choice list)",No,
"RBP2, High G, Vegetative Protection, Right Bank (choice list)",No,
"RBP2, High G, Velocity/Depth Regime (choice list)",No,
"RBP2, Instream Features, Canopy Cover (choice list)",No,
"RBP2, Instream Features, Channelized (Y/N) (choice list)",No,
"RBP2, Instream Features, Dam Present (Y/N) (choice list)",No,
"RBP2, Instream features, est. reach length",No,
"RBP2, Instream features, est. stream depth",No,
"RBP2, Instream features, est. stream width",No,
"RBP2, Instream features, high water mark",No,
"RBP2, Instream features, morphology, pools (%)",No,
"RBP2, Instream features, morphology, riffles (%)",No,
"RBP2, Instream features, morphology, run (%)",No,
"RBP2, Instream features, sampling reach area",No,
"RBP2, Instream features, surface velocity (at thalweg)",No,
"RBP2, Instream features, total reach area",No,
"RBP2, Large woody debris, density of LWD (LWD/reach area)",No,
"RBP2, Large woody debris, LWD (m2)",No,
"RBP2, Low G, Bank Stability, Left Bank (choice list)",No,
"RBP2, Low G, Bank Stability, Right Bank (choice list)",No,
"RBP2, Low G, Channel Alteration (choice list)",No,
"RBP2, Low G, Channel Flow Status (choice list)",No,
"RBP2, Low G, Channel Sinuosity (choice list)",No,
"RBP2, Low G, Epifaunal Substrate/Available Cover (choice list)",No,
"RBP2, Low G, habitat assessment total score",No,
"RBP2, Low G, Pool Substrate Characterization (choice list)",No,
"RBP2, Low G, Pool Variability (choice list)",No,
"RBP2, Low G, Riparian Vegetative Zone Width, Left Bank (choice list)",No,
"RBP2, Low G, Riparian Vegetative Zone Width, Right Bank (choice list)",No,
"RBP2, Low G, Sediment Deposition (choice list)",No,
"RBP2, Low G, Vegetative Protection, Left Bank (choice list)",No,
"RBP2, Low G, Vegetative Protection, Right Bank (choice list)",No,
"RBP2, Riparian Vegetation, Dominant Species Present (choice list)",No,
"RBP2, Sediment/Substrate, Deposits (choice list)",No,
"RBP2, Sediment/Substrate, Embedded Stone Undersides Black (choice list)",No,
"RBP2, Sediment/Substrate, Odors (choice list)",No,
"RBP2, Sediment/Substrate, Oils (choice list)",No,
"RBP2, Stream character, catchment area",No,
"RBP2, Stream Character, Stream Origin (choice list)",No,
"RBP2, Stream Character, Stream Subsystem (choice list)",No,
"RBP2, Stream Character, Stream Type (choice list)",No,
"RBP2, Substrate, inorganic, bedrock",No,
"RBP2, Substrate, Inorganic, boulder, >256 mm",No,
"RBP2, Substrate, inorganic, clay, <0.004 mm",No,
"RBP2, Substrate, inorganic, cobble, 64-256 mm",No,
"RBP2, Substrate, inorganic, gravel, 2-64 mm",No,
"RBP2, Substrate, inorganic, sand, 0.06-2.0 mm",No,
"RBP2, Substrate, Inorganic, Silt, 0.004-0.06 mm",No,
"RBP2, Substrate, organic, detritus, sticks, wood, etc. (CPOM)",No,
"RBP2, Substrate, organic, marl, grey shell fragments",No,
"RBP2, Substrate, organic, muck-mud, black-fine (FPOM)",No,
"RBP2, Water Quality, Turbidity (choice list)",No,
"RBP2, Water Quality, Water Odors (choice list)",No,
"RBP2, Water Quality, Water Surface Oils (choice list)",No,
"RBP2, Watershed, Local Erosion (choice list)",No,
"RBP2, Watershed, Local NPS Pollution (choice list)",No,
"RBP2, Watershed, Predominant Surrounding Landuse (choice list)",No,
"RBP2, weather condition, general observation (text)",No,
"RBP2, Weather Condition, Heavy Rain in Last 7 Days, Y/N (choice list)",No,
"RBP2, Weather Condition, Now (choice list)",No,
"RBP2, Weather Condition, Past 24 Hours (choice list)",No,
"RBP3, Glide/Pool, Epifaunal Substrate (choice list)",No,
"RBP3, Glide/Pool, Instream Cover (choice list)",No,
"RBP3, Glide/Pool, Pool Substrate Characterization (choice list)",No,
"RBP3, Glide/Pool, Pool Variability (choice list)",No,
"RBP3, Glide/Pool, Sediment Deposition (choice list)",No,
"RBP3, Riffle/Run, Embeddedness (choice list)",No,
"RBP3, Riffle/Run, Epifaunal Substrate (choice list)",No,
"RBP3, Riffle/Run, Instream Cover (choice list)",No,
"RBP3, Riffle/Run, Sediment Deposition (choice list)",No,
"RBP3, Riffle/Run, Velocity/ Depth Regimes (choice list)",No,
Refined used lubricating oils,No,
relative biovolume,No,
relative entity density,No,
Relative humidity,No,
Reoxygenation constant,No,
Reproduction,No,
Reservoir volume,No,
"Residence/flushing time, waterbody",No,
Residual Depth,No,
Resmethrin,No,
Resorcinol,No,
Respiration,No,
"Respiration, planktonic",No,
Retene,No,
Rhenium,No,
Rhodamine B,No,
Rhodamine WT,No,
Rhodamine WT (probe),No,
Rhodium,No,
Rhodium-106,Yes,
Riparian vegetation composition (choice list),No,
River/stream channel slope,No,
Rocky Substrate (Choice List),No,
Ronnel,No,
Rosgen Stream Type,No,
Rotenone,No,
Roxithromycin,No,
Ruthenium,No,
Ruthenium-103,Yes,
Ruthenium-103/106,Yes,
Ruthenium-106,No,
Ruthenium-106/Rhodium-106,Yes,
S-Ethyl dipropylthiocarbamate,Yes,
Saflufenacil,No,
Safrole,No,
Salicylaldehyde,No,
Salinity,No,
Salmonella,No,
Salt Appearance at Waters Edge (choice list),No,
Samarium,No,
Sand,No,
Sand/Substrate Habitat Type (%),No,
Sandy Substrate (Choice List),No,
Sarafloxacin,No,
Saxitoxin,No,
Scandium,No,
Scandium-46,Yes,
Sea waves severity (choice list),No,
sec-Butylamine,Yes,
sec-Butylbenzene,Yes,
Secbumeton,No,
Secondary productivity,Yes,
"Sediment, inorganic, classification (choice list)",No,
"Sediment, organic, classification (choice list)",No,
Sediment/ Substrate Odors (choice list),No,
Selenium-75,No,
Serratia,No,
Sertraline,Yes,
Seston,No,
Sethoxydim,Yes,
Settleable solids,No,
Sex (choice list),No,
"Shade, Left",No,
"Shade, Right",No,
Shannon & Wiener  Macroinvert Taxonomic Diversity Index,No,
Siduron,No,
Significant(choice list),No,
"Silanol, trimethyl-",Yes,
Silica,No,
Silicate,No,
Silicate/dissolved inorganic nitrogen ratio,No,
Silicon,No,
Silt,No,
Silver-108,Yes,
Silver-110,No,
Silvex,No,
Silvex isooctyl ester,No,
Simazine,No,
Simetone,No,
Simetryn,Yes,
Simpson Taxonomic Diversity Index,No,
Simultaneously extracted metals,Yes,
Simultaneously extracted metals/acid volatile sulfides,No,
Slow Riffle,No,
"Sludge, substrate rock/bank cover - severity (choice list)",No,
Sodium adsorption ratio [(Na)/(sq root of 1/2 Ca + Mg)],No,
Sodium C14-16-alkane hydroxy and C14-16-olefin sulfonates,Yes,
Sodium cacodylate,Yes,
Sodium carbonate,No,
Sodium chlorate,No,
Sodium chloride,No,
Sodium chromate(VI),No,
Sodium dichromate,No,
Sodium dimethyldithiocarbamate,No,
Sodium glycolate,Yes,
Sodium methyldithiocarbamate,No,
Sodium N-lauroylsarcosinate,Yes,
Sodium nitrite,No,
Sodium pentachlorophenate,No,
Sodium plus potassium,Yes,
Sodium sulfate,Yes,
Sodium-22,No,
Sodium-24,Yes,
"Solar irradiation, global",No,
"Solar irradiation, local",No,
Sorbitol,Yes,
Species Rank,No,
Species Relative Density,No,
Specific conductance,No,
Specific drawdown capacity,No,
Specific gravity,No,
Spirillum,No,
"Stannanetriylium, butyl-",Yes,
Staphylococcus,No,
Staphylococcus aureus,No,
Stearic acid,No,
Stearonitrile,No,
Stendomycin salicylate,Yes,
Stigmastan-3.beta.-ol,Yes,
Straight run wide cut kerosene (petroleum),Yes,
Stream Bed Color (choice list),No,
Stream condition (text),No,
Stream Cross-Sectional Area,Yes,
Stream Order,No,
Stream physical appearance (choice list),No,
"Stream Physical Appearance, Minnesota (choice list)",No,
Stream recreational suitability (choice list),No,
Stream stage,No,
Stream Unit Type (choice list),No,
Stream width measure,No,
Streptococcus,No,
Streptomycin,Yes,
Streptomycin nitrate,Yes,
Streptomycin sulfate,Yes,
Streptozotocin,No,
Strobane,No,
Strong acids,No,
Strontium-85,Yes,
"Strontium-87/Strontium-86, ratio",Yes,
Strontium-89,No,
Strontium-90,Yes,
"Strontium-Yttrium-90, beta",Yes,
Styrene,No,
Styrene oxide,No,
Submerged Cover (%),No,
Submerged Vegetation Habitat Type (%),No,
Substrate - boulders,No,
"Substrate - boulders, large",No,
"Substrate - boulders, medium",No,
"Substrate - boulders, small",No,
Substrate - clay,No,
"Substrate - clay, medium",No,
Substrate - clay/fine partic. org. matt.,No,
Substrate - claypan soil,No,
Substrate - cobbles,No,
"Substrate - cobbles, large",No,
"Substrate - cobbles, medium",No,
"Substrate - cobbles, small",No,
Substrate - detritus - coarse particulate,No,
Substrate - grain size,No,
Substrate - gravel,No,
"Substrate - gravel, coarse",No,
"Substrate - gravel, fine",No,
"Substrate - gravel, medium",No,
"Substrate - gravel, very coarse",No,
"Substrate - gravel, very fine",No,
Substrate - miscellaneous other,No,
Substrate - sand,No,
"Substrate - sand, coarse",No,
"Substrate - sand, fine",No,
"Substrate - sand, medium",No,
"Substrate - sand, very coarse",No,
"Substrate - sand, very fine",No,
Substrate - sediment thickness,No,
Substrate - silt,No,
"Substrate - silt, coarse",No,
"Substrate - silt, fine",No,
"Substrate - silt, medium",No,
"Substrate - silt, very fine",No,
Substrate - silt/clay mix,No,
Substrate - submerged logs,No,
Substrate - submerged vegetation,No,
Substrate-bedrock,No,
Subsystem classification stream type (choice list),No,
Sucrose,No,
Sulfachloropyridazine,No,
Sulfadimethoxine,No,
Sulfamerazine,No,
Sulfamethazine,No,
Sulfamethoxazole,Yes,
Sulfaquinoxaline,No,
sulfatase (corrected for carbon content),No,
Sulfathiazole,Yes,
Sulfide,No,
Sulfite,No,
Sulfometuron methyl,No,
Sulfotep,Yes,
Sulfur,No,
Sulfur dioxide,No,
Sulfur HCl Residue,No,
Sulfur HNO3 Residue,No,
Sulfur Organic Residual Mod,No,
Sulfur Sulfate,No,
Sulfur Total,No,
Sulfur-32,Yes,
Sulfur-34,Yes,
Sulfur-34/Sulfur-32 ratio,No,
"Sulfur, pyritic",Yes,
Sulprofos,Yes,
Sum of anions,Yes,
Sum of cations,Yes,
Surface area,No,
Surface tension,No,
"Surfactants, anionic",Yes,
"Surfactants, cationic",Yes,
"Surfactants, ionic mix (anionic + cationic)",Yes,
"Surfactants, nonionic mix",Yes,
"Surfactants, unspecified mix",Yes,
Survival,No,
Suspended Sediment Concentration (SSC),No,
Suspended Sediment Discharge,No,
Swep,No,
Syringaldehyde,No,
t-Stat,No,
Tail Out Depth,No,
Tamoxifen,Yes,
Tannic acid,Yes,
Tannin and Lignin,Yes,
Tantalum,No,
Tau-fluvalinate,Yes,
"Taxonomic Diversity, Lloyd, Zar, And Karr Diversity Index",No,
"Taxonomic Diversity, Shannon-Weaver Index",No,
Taxonomic Equitability,No,
Taxonomic Evenness,No,
Taxonomic Redundancy,No,
Taxonomic Richness,No,
"Taxonomic Richness, Ephemeroptera, Plecoptera, Tricoptera",No,
Tebuconazole,No,
Tebufenozide,Yes,
Tebuthiuron,No,
Technetium,No,
Technetium-99,No,
Tecnazene,No,
Tefluthrin,Yes,
Tellurium,No,
Temazepam,No,
Tembotrione,No,
Temephos,No,
Temperature difference,Yes,
"Temperature, air",No,
"Temperature, sample",No,
"Temperature, sediment",No,
"Temperature, soil",No,
"Temperature, tissue",No,
"Temperature, wet bulb",No,
Terbacil,No,
Terbium,No,
Terbufos,No,
Terbufos sulfone,Yes,
Terbumeton,No,
Terbuthylazine,No,
Terbutryn,No,
Terphenyl,No,
Terpineol,Yes,
Terrace height,No,
Terrace width,No,
tert-Amyl methyl ether,Yes,
tert-Amylbenzene,Yes,
tert-Butanol,Yes,
tert-Butyl acetate,Yes,
tert-Butyl formate,No,
tert-Butylbenzene,Yes,
Testosterone,No,
Tetraacetylethylenediamine,Yes,
Tetrabromobisphenol A,Yes,
Tetrabromodiphenyl ether,Yes,
Tetrabutyltin,Yes,
"Tetrachloro-1,3-butadiene",No,
Tetrachlorobenzene,No,
Tetrachlorobiphenyl,No,
Tetrachlorocatechol,No,
Tetrachlorodibenzo-p-dioxin,No,
Tetrachlorodibenzofuran,No,
Tetrachloroethane,No,
Tetrachloroethylene,No,
Tetrachloroguaiacol,Yes,
Tetrachlorophenol,No,
Tetrachlorvinphos,No,
Tetrachlorvinphos (mixed isomers),Yes,
Tetracosane,Yes,
Tetracycline,Yes,
Tetracycline hydrochloride,Yes,
Tetradecane,Yes,
Tetradecanenitrile,No,
Tetradecanol,No,
Tetradecylbenzene,Yes,
Tetradifon,No,
Tetraethyl ammonium hydroxide,Yes,
Tetraethyl pyrophosphate,Yes,
Tetrahydroabietylamine acetate,Yes,
Tetrahydrofuran,No,
Tetrahydropyran,Yes,
Tetramethylpyrazine,No,
Tetrapropyl dithiopyrophosphate,Yes,
Tetratetracontane,Yes,
Tetrodotoxin,No,
Thallium-208,Yes,
Thecamoeba,No,
Thecamoeba munda,No,
Thecamoeba orbis,No,
Thecamoebidae,No,
Theophylline,No,
Thermal discharge,No,
Thiabendazole,No,
Thiacloprid,Yes,
THIAMETHOXAM,Yes,
THIAZOPYR,Yes,
"Thickness, supernatant layer",No,
Thidiazuron,Yes,
Thifensulfuron-methyl,Yes,
Thiobencarb,No,
Thiocyanic acid,Yes,
Thiodicarb,Yes,
Thionazin,Yes,
Thiophanate ethyl,Yes,
Thiophene,No,
Thiophenol,No,
Thiosulfate,No,
Thiourea,No,
Thorium-227,Yes,
Thorium-228,No,
Thorium-230,No,
Thorium-232,No,
Thorium-234,No,
Thulium,No,
Thuringiensin,Yes,
"Thuringiensin, calcium salt",Yes,
Tiamulin,Yes,
Tide cycle duration,No,
Tide cycle time,No,
Tide range,No,
Tide rate,No,
Tide stage,No,
Tide stage (choice list),No,
Tilmicosin,Yes,
Tin,Yes,
Tin-113,Yes,
Tin-San,Yes,
Toluene,No,
Toluene diisocyanate,No,
Toluene-d8,Yes,
Toluenediamine,Yes,
Toluic acid,No,
Toluidine,No,
Total Coliform,No,
Total Dichloro Biphenyls,No,
Total fixed solids,No,
Total Heptachloro Biphenyls,No,
Total Hexachloro Biphenyls,No,
Total Monochloro Biphenyls,No,
Total Nitrogen/Total Phosphorus Ratio (TN:TP),No,
Total Nonachloro Biphenyls,No,
Total nonfecal coliform,No,
Total Octachloro Biphenyls,No,
Total PCBs,No,
Total PCBs + PCTs,No,
Total Pentachloro Biphenyls,No,
Total Sample Volume,No,
Total Sample Weight,No,
Total solids,No,
Total Sulfur minus Sulfate,No,
Total Tetrachloro Biphenyls,No,
Total Trichloro Biphenyls,No,
Total volatile solids,No,
Tox,Yes,
Toxaphene,No,
"Toxicity, A. abdita, coefficient of variation",No,
"Toxicity, A. verrilli, coefficient of variation",No,
"Toxicity, E. estuarius, coefficient of variation",No,
"Toxicity, L. plumulosus, coefficient of variation",No,
"Toxicity, R. abronius, coefficient of variation",No,
"Toxicity, sediment, Ampelisca abdita, control survival",No,
"Toxicity, sediment, Ampelisca abdita, significant (choice list)",No,
"Toxicity, sediment, Ampelisca abdita, survival",No,
"Toxicity, sediment, Ampelisca verrilli, control survival",No,
"Toxicity, sediment, Ampelisca verrilli, significant (choice list)",No,
"Toxicity, sediment, Ampelisca verrilli, survival",No,
"Toxicity, sediment, Eohaustorius estuarius, control survival",No,
"Toxicity, sediment, Eohaustorius estuarius, significant (choice list)",No,
"Toxicity, sediment, Eohaustorius estuarius, survival",No,
"Toxicity, sediment, L.plumulosus, control survival",No,
"Toxicity, sediment, Leptocheirus plumulosus, significant (choice list)",No,
"Toxicity, sediment, Leptocheirus plumulosus, survival",No,
"Toxicity, sediment, microtox, Vibrio fischeri, EC50",No,
"Toxicity, sediment, microtox, Vibrio fischeri, significant (choice list)",No,
"Toxicity, sediment, Rhepoxynius abronius, significant (choice list)",No,
"Toxicity, sediment, Rhepoxynius abronius, survival",No,
"Toxicity, water, 100%/ LC50 (% effluent) for Ceriodaphnia",No,
"Toxicity, water, Ceriodaphnia dubia, LC50",No,
Tralomethrin,No,
"trans-1,2-Cyclohexanediol",Yes,
"trans-1,2-Dichlorocyclohexane",Yes,
"trans-1,2-Dichloroethylene",Yes,
"trans-1,2-Dichloropropene",No,
"trans-1,3-Dichloropropene",Yes,
"trans-1,4-Dichloro-2-butene",Yes,
"trans-1,4-Dichlorocyclohexane",Yes,
Trans-2-Butene,No,
trans-2-Methylcrotonaldehyde,No,
Trans-2-Pentene,No,
trans-2-Phenyl-2-butene,Yes,
trans-Chlordane,Yes,
trans-Nonachlor,Yes,
"Transparency, Secchi tube with disk",No,
"Transparency, tube with disk",No,
Transpermethrin,No,
Triacontane,Yes,
Triadimefon,Yes,
Triallate,No,
Triamterene,No,
"Triazines mixture, unspecified",Yes,
Triazolam,No,
Triazophos,No,
Tribromoacetic acid,No,
Tribromomethane,No,
Tribufos,Yes,
Tributlytin,Yes,
Tributyl phosphate,No,
Tributylphosphine oxide,No,
Tributylstannylium,No,
Tributyltin chloride,Yes,
Tricalcium phosphate,Yes,
Tricamba,Yes,
Trichlorfon,No,
"Trichloro-1,3-butadiene",Yes,
Trichloroacetic acid,Yes,
Trichloroacetonitrile,Yes,
Trichlorobenzene,No,
Trichlorobiphenyl,No,
Trichloroethane,No,
Trichloroethylene,No,
Trichloronaphthalene,No,
Trichloronate,No,
Trichlorophenol,No,
Trichloropropane,No,
Trichlorosyringol,Yes,
Trichlorotrifluoroethane,No,
Triclocarban,No,
Triclopyr,No,
Triclosan,Yes,
Tricosane,Yes,
Tricyclazole,No,
Tridecafluoroheptanoic acid,No,
Tridecane,Yes,
Tridecanoic acid,No,
Triethanolamine,Yes,
Triethyl citrate,Yes,
Triethylene glycol dimethyl ether,No,
Triethylene glycol monobutyl ether,Yes,
Trifloxysulfuron-sodium,Yes,
Trifluralin,Yes,
Trihalomethanes,Yes,
Triisopropanolamine,Yes,
Triisopropyl orthoborate,Yes,
Triisopropylamine,Yes,
Trimethoprim,Yes,
Trimethoprim/Sulfamethoxazole (unspecified mix),Yes,
Trimethylbenzene,No,
Trimethylcyclohexene,Yes,
Trimethylnaphthalene,Yes,
Trimethylpyrazine,No,
Trimipramine maleate,Yes,
Trinexapac-Ethyl,No,
Trinitrotoluene,Yes,
Triphenyl phosphate,No,
"Tris(1,3-dichloro-2-propyl)phosphate",Yes,
Tris(2-butoxyethyl) phosphate,No,
Tris(2-chloroethyl) phosphate,Yes,
Tritium,No,
Tritriacontane,Yes,
True color,Yes,
Tungsten,No,
Turbidity severity (choice list),No,
Tylosin,Yes,
Tyrothricin,Yes,
Undecane,Yes,
Undecanoic acid,Yes,
Undercut Banks (%),No,
Uranium 238/234 ratio,Yes,
Uranium-234,No,
Uranium-234/235/238,Yes,
Uranium-235,No,
Uranium-236,No,
Uranium-238,No,
Urea,No,
USDA Soil Texture Classification,No,
UV 254,No,
"UV Absorption, relative conc. of organic constituents",No,
Vahlkampfia,No,
Vahlkampfia limax,No,
Valeric acid,Yes,
Valley Width Index,No,
Vannella,No,
Vannellidae,No,
Velocity - stream,No,
Velocity-discharge,No,
Verapamil,No,
Vermicasts,Yes,
Vernolate,No,
Verticillium lecanii,Yes,
Vibrio,No,
Vinclozolin,No,
Vinyl acetate,No,
Vinyl bromide,Yes,
Vinyl chloride,No,
Vinyltoluene,Yes,
Virginiamycin,No,
Virus,No,
Volatile suspended solids,No,
Volume Storage,No,
Warfarin,No,
Waste well annulus pressure,No,
Waste well injection pressure,No,
Water,No,
Water appearance (text),No,
Water Column Habitat Type (%),No,
Water content of snow,No,
Water level (probe),No,
"Water level in well during pumping, MSL",No,
"Water level in well, depth from a reference point",No,
"Water level in well, MSL",No,
Water level reference point elevation,No,
Wave height,No,
Wave height (WMO code 1555) (choice list),No,
Weak acids,No,
Weather comments (text),No,
Weather condition (WMO code 4501) (choice list),No,
Weather condition (WMO code 4677) (choice list),No,
Weight,No,
"Weight, volatile portion",No,
Width,No,
"Wind direction (direction from, expressed 0-360 deg)",No,
"Wind force, Beaufort scale",No,
Wind velocity,No,
Withdrawal rate of ground water,No,
Wood class (choice list),No,
Wood creosote,No,
Xanthacridinum,Yes,
Xylene,Yes,
Yersinia,No,
Ytterbium,No,
Yttrium,No,
Yttrium-90,Yes,
Zinc bacitracin,Yes,
Zinc dehydroabietylammonium 2-ethylhexanoate,Yes,
Zinc phosphide,No,
Zinc-65,No,
Zineb,No,
Ziram,No,
Zircon (Zr(SiO4)),No,
Zirconium,No,
Zirconium-95,No,
Zirconium/Niobium-95,Yes,
Zone of Influence,No,
Zooplankton,No,
Apparent Colour,No,
"Silver Dioxide",No,
"Total Hardness",No
